fid;gm_id;gm_area;gm_length;gm_alti;gm_prop;gm_agri;gm_type;pente;gm_alti_up;gm_alti_dw;gm_ordre;gm_ordre_p;gm_uh_up;gm_uh_dwn;type_mid;type_sol;prod;prod_eau;prod_mes;prod_phyto;gm_ent;gm_sort;gm_sort_d;gm_abatt;hist;hist_water;hist_mes;hist_phyto;hist_abat;hist_a_wat;hist_a_mes;hist_a_phy;prod_r;prod_m2_r;prod_m2;indice_a;indice_e;type_sol_0;prod_phyto_0;gm_ent_0;gm_sort_0;gm_abatt_0;indice_a_0;indice_e_0
1;1;295330.44;264.1438395096666;553.78;0;3;500;14.59;542.455;503.908;3;0;NULL;77, 79, 55, 51, 72, 52, 65, 54;500;500;11399.754984000001;0.0;3011175.050943218;0.0;11399.754984000001;0.0;0.0;11399.754984000001;NULL;NULL;parcelle_1: 0.0;NULL;NULL;NULL;parcelle_1: 11399.754984000001;NULL;0.0;0.0;0.0386;100;7;500.0;0.0;11399.754984000001;0.0;11399.754984000001;100;7
2;2;2385.47;51.532395861649114;498.6;2;3;100;12.15;501.969;495.694;109;25;81, 3;42, 82;100;100;317.98315099999996;2146.923;16386.433614666545;357.8205;317.98315099999996;317.98315099999996;0.0;0.0;NULL;NULL;parcelle_2: 317.98315099999996;NULL;NULL;NULL;;NULL;1.0;0.1333;0.1333;0;0;100.0;357.8205;317.98315099999996;317.98315099999996;0.0;0;0
3;3;3330.91;55.37615615723022;501.9;7;1;110;14.34;505.744;497.695;95;21;79, 4;42, 2;110;110;266.4728;2997.819;14756.239384454377;2664.728;414.44958016;414.44958016;0.0;0.0;NULL;NULL;parcelle_3: 266.4728; parcelle_4: 147.97678016; parcelle_78: 0.0; parcelle_74: 0.0;NULL;NULL;NULL;parcelle_78: 2.2728451875799998; parcelle_74: 11.57282368962324;NULL;1.0;0.08;0.08;0;0;110.0;2664.728;414.44958016;414.44958016;0.0;0;0
4;4;7465.28;79.9398458852467;507.68;7;1;100;8.41;509.672;500.475;77;17;77, 76, 78, 74;5, 42, 3;100;100;395.65984;5225.696;31628.986632581364;4479.168;395.65984;395.65984;0.0;0.0;NULL;NULL;parcelle_4: 395.65984; parcelle_78: 0.0; parcelle_74: 0.0;NULL;NULL;NULL;parcelle_78: 6.07712617; parcelle_74: 30.94337884926;NULL;0.4727865623269146;0.025057687803326473;0.053;0;0;100.0;4479.168;395.65984;395.65984;0.0;0;0
5;5;8201.5;97.02136633914259;500.26;2;3;101;16.43;508.215;492.272;106;24;78, 88, 4, 89;87, 42;101;101;271.46965;5741.049999999999;26338.35636260882;820.1500000000001;325.8783906252506;325.8783906252506;0.0;0.0;NULL;NULL;parcelle_5: 271.46965; parcelle_78: 0.0; parcelle_74: 0.0; parcelle_88: 0.0; parcelle_4: 49.98193790846167; parcelle_89: 4.426802716788889;NULL;NULL;NULL;line_301: 0.0; parcelle_78: 0.015511740081046506; parcelle_74: 8.488966256232507e-05; line_179: 0.0; parcelle_88: 0.13856360659838474; line_43: 0.0; line_133: 0.0;NULL;0.782;0.0258842;0.0331;0;0;101.0;820.1500000000001;325.8783906252506;325.8783906252506;0.0;0;0
6;6;823.75;22.41365462051191;462.77;5;3;400;8.63;464.606;461.831;281;69;23;116, 115;400;400;8.07275;0.0;180.9398303377375;0.0;8.07275;0.0;0.0;8.07275;NULL;NULL;parcelle_6: 0.0; parcelle_23: 0.0; parcelle_112: 0.0; parcelle_36: 0.0; parcelle_35: 0.0; parcelle_13: 0.0; parcelle_12: 0.0;NULL;NULL;NULL;parcelle_6: 8.07275; parcelle_23: 10.550188655207723;NULL;0.0;0.0;0.0098;100;0;400.0;0.0;8.07275;0.0;8.07275;100;0
7;7;8038.45;97.1917655251006;463.02;6;2;100;15.86;471.486;455.951;273;67;104, 25;53, 43, 8;100;100;2668.7654;7234.605;259382.02099830136;4019.225;3319.60925139152;3319.60925139152;0.0;0.0;NULL;NULL;parcelle_7: 2668.7654; parcelle_25: 620.9152843200001; parcelle_26: 29.92856707152;NULL;NULL;NULL;;NULL;0.47162499999999996;0.1565795;0.332;0;2;100.0;4019.225;3319.60925139152;3319.60925139152;0.0;0;2
8;8;2246.23;43.29058828739336;452.24;3;3;200;11.39;455.951;450.395;341;85;7, 53;NULL;200;200;86.70447800000001;0.0;3753.487859771356;0.0;1603.7656446901874;0.0;0.0;1603.7656446901874;NULL;NULL;parcelle_8: 0.0; parcelle_7: 0.0; parcelle_25: 0.0; parcelle_26: 0.0; parcelle_53: 0.0;NULL;NULL;NULL;parcelle_8: 1603.7656446901874;NULL;0.0;0.0;0.0386;100;1;200.0;0.0;1603.7656446901874;0.0;1603.7656446901874;100;1
9;9;2431.32;15.903223676178282;443.61;0;3;300;1.65;445.216;444.949;411;101;53;NULL;300;300;38.171724;0.0;607.0534648773427;0.0;38.171724;0.0;0.0;38.171724;NULL;NULL;parcelle_9: 0.0;NULL;NULL;NULL;parcelle_9: 38.171724;NULL;0.0;0.0;0.0157;100;0;300.0;0.0;38.171724;0.0;38.171724;100;0
10;10;5395.52;64.96747815357294;447.55;4;1;100;13.88;455.016;445.315;380;94;135, 96, 94;11, 27, 45;100;100;719.2228160000001;4855.968000000001;46726.09258603121;4316.416;1084.1485347775654;1084.1485347775654;0.0;0.0;NULL;NULL;parcelle_10: 719.2228160000001; parcelle_96: 103.87209341612035; parcelle_95: 103.74633877890967; parcelle_93: 0.0; parcelle_59: 84.53494692545186; parcelle_94: 8.418182838769217; parcelle_37: 7.031983720083573; parcelle_85: 0.5739814603902827; parcelle_80: 0.15148707255808097; parcelle_84: 0.0; parcelle_60: 16.924763801327366; parcelle_38: 4.1120801894110075; parcelle_26: 6.30994694811067; parcelle_25: 0.4263391699180534; parcelle_91: 28.823574456515225;NULL;NULL;NULL;line_155: 0.0; line_70: 0.0; line_378: 0.0; line_261: 0.0; line_144: 0.0; line_372: 0.0; line_241: 0.0; line_324: 0.0; line_369: 0.06287795985210536; line_346: 0.0; line_310: 0.0; line_251: 0.0; line_365: 0.0; line_189: 0.0; line_385: 0.0; line_10: 0.0;NULL;0.33497349745;0.044651967210085006;0.1333;0;1;100.0;4316.416;1084.1485347775654;1084.1485347775654;0.0;0;1
11;11;3270.07;57.61974628746846;442.56;4;1;100;16.86;449.925;439.574;421;105;135, 10;46, 27;100;100;435.90033100000005;2943.063;25116.466478843526;2616.0560000000005;835.9511403329217;835.9511403329217;0.0;0.0;NULL;NULL;parcelle_11: 435.90033100000005; parcelle_10: 265.393219104; parcelle_96: 38.32880247054841; parcelle_95: 38.28239900941767; parcelle_93: 0.0; parcelle_59: 31.193395415491736; parcelle_94: 3.106309467505841; parcelle_37: 2.5948019927108383; parcelle_85: 0.21179915888401432; parcelle_80: 0.05589872977393188; parcelle_84: 0.0; parcelle_60: 6.245237842689798; parcelle_38: 1.5173575898926617; parcelle_26: 2.3283704238528373; parcelle_25: 0.15731915369976168; parcelle_91: 10.635898974454118;NULL;NULL;NULL;line_155: 0.0; line_70: 0.0; line_378: 0.0; line_261: 0.0; line_144: 0.0; line_372: 0.0; line_241: 0.0; line_324: 0.0; line_369: 0.023201967185426876; line_346: 0.0; line_310: 0.0; line_251: 0.0; line_365: 0.0; line_189: 0.0; line_385: 0.0; line_10: 0.0;NULL;0.68719105;0.09160256696500002;0.1333;0;1;100.0;2616.0560000000005;835.9511403329217;835.9511403329217;0.0;0;1
12;12;3318.8;28.13702646395619;475.84;1;2;100;11.3;478.557;475.34;200;48;13;110, 111, 112, 107, 135, 109;100;100;1101.8416000000002;2986.92;31002.546258287835;1659.4;2197.340246354243;2197.340246354243;0.0;0.0;NULL;NULL;parcelle_12: 1101.8416000000002; parcelle_13: 821.44702928; parcelle_35: 249.48218421536257; parcelle_36: 24.56943285888;NULL;NULL;NULL;;NULL;0.6594190653796491;0.21892712970604356;0.332;0;1;100.0;1659.4;2197.340246354243;2197.340246354243;0.0;0;1
13;13;5780.93;55.45377503275049;484.2;1;2;100;14.88;487.552;478.557;172;42;35, 36;112, 106, 107, 12;100;100;1919.2687600000002;5202.837;106430.69804442601;2890.465;2559.5762765286045;2559.5762765286045;0.0;0.0;NULL;NULL;parcelle_13: 1919.2687600000002; parcelle_35: 582.9022995686041; parcelle_36: 57.40521696;NULL;NULL;NULL;;NULL;0.7581310336262511;0.2516995031639154;0.332;0;2;100.0;2890.465;2559.5762765286045;2559.5762765286045;0.0;0;2
14;14;4058.34;60.042106494886134;440.78;6;2;101;19.98;445.651;433.656;430;108;40, 31;15, 142, 144;101;101;420.444024;2840.8379999999997;25244.344864146464;1420.4189999999999;420.444024;420.444024;0.0;0.0;NULL;NULL;parcelle_14: 420.444024;NULL;NULL;NULL;;NULL;0.006734;0.0006976424000000001;0.1036;0;0;101.0;1420.4189999999999;420.444024;420.444024;0.0;0;0
15;15;11930.57;92.53220342413766;439.78;7;1;100;15.96;445.293;430.228;434;109;24, 40, 47, 140, 14;17, 16, 142, 141;100;100;1590.344981;10737.513;147158.12529644833;9544.456;5037.532430556;5037.532430556;0.0;0.0;NULL;NULL;parcelle_15: 1590.344981; parcelle_24: 3041.45288976; parcelle_40: 13.855739795999998; parcelle_47: 391.87881999999996;NULL;NULL;NULL;line_410: 0.0;NULL;0.033707;0.004493143099999999;0.1333;0;3;100.0;9544.456;5037.532430556;5037.532430556;0.0;0;3
16;16;1892.53;36.34213078953245;434.04;4;3;700;12.66;436.84;429.73;471;119;15, 17;142;700;700;0.0;0.0;0.0;0.0;17.624082674227935;17.624082674227935;0.0;0.0;NULL;NULL;parcelle_16: 0.0; parcelle_17: 12.12448246; parcelle_141: 1.582994648611995; parcelle_39: 0.6690192392420387; parcelle_138: 1.1535614332411728; parcelle_140: 1.9331916624950944; parcelle_139: 0.11323463688976854; parcelle_64: 0.04759859374786429;NULL;NULL;NULL;line_338: 0.0; line_107: 0.0; line_424: 0.0;NULL;0.0;0.0;0.0;0;0;700.0;0.0;17.624082674227935;17.624082674227935;0.0;0;0
17;17;2570.38;51.526809987213056;434.98;7;1;100;9.59;436.383;431.07;461;116;15, 141;130, 16, 142;100;100;136.23014;1799.2659999999998;7019.504538311433;1542.228;198.02340083402174;198.02340083402174;0.0;0.0;NULL;NULL;parcelle_17: 136.23014; parcelle_141: 17.786456725977473; parcelle_39: 7.517070103843132; parcelle_138: 12.961364418440144; parcelle_140: 21.721254634776344; parcelle_139: 1.2722992908962758; parcelle_64: 0.5348156600883629;NULL;NULL;NULL;line_338: 0.0; line_107: 0.0; line_424: 0.0;NULL;0.019905999999999997;0.0010550179999999998;0.053;0;0;100.0;1542.228;198.02340083402174;198.02340083402174;0.0;0;0
18;18;3726.47;22.772207246483106;418.91;4;3;300;7.77;419.112;416.79;542;143;143;NULL;300;300;58.50557899999999;0.0;1332.3011700634895;0.0;58.50557899999999;0.0;0.0;58.50557899999999;NULL;NULL;parcelle_18: 0.0; parcelle_143: 0.0; parcelle_142: 0.0; parcelle_15: 0.0; parcelle_24: 0.0; parcelle_40: 0.0; parcelle_47: 0.0; parcelle_49: 0.0; parcelle_14: 0.0; parcelle_16: 0.0; parcelle_17: 0.0; parcelle_141: 0.0; parcelle_39: 0.0; parcelle_138: 0.0; parcelle_140: 0.0; parcelle_139: 0.0; parcelle_64: 0.0;NULL;NULL;NULL;parcelle_18: 58.50557899999999; parcelle_143: 5763.790296282006; line_148: 0.0; line_338: 0.0; line_107: 0.0; line_424: 0.0; line_402: 0.0; line_410: 0.0; line_75: 0.0; line_297: 0.0; line_355: 0.0; line_109: 0.0; line_242: 0.0; line_308: 0.0; line_376: 0.0;NULL;0.0;0.0;0.0157;100;0;300.0;0.0;58.50557899999999;0.0;58.50557899999999;100;0
19;19;11111.91;86.88076331550286;416.24;0;3;300;4.82;416.988;411.633;544;144;146, 145, 144, 143;NULL;300;300;174.45698699999997;0.0;15156.956196282757;0.0;747.0565289516464;0.0;0.0;747.0565289516464;NULL;NULL;parcelle_19: 0.0; parcelle_146: 0.0; parcelle_31: 0.0; parcelle_49: 0.0; parcelle_30: 0.0; parcelle_145: 0.0; parcelle_144: 0.0; parcelle_14: 0.0; parcelle_40: 0.0;NULL;NULL;NULL;parcelle_19: 747.0565289516464; parcelle_146: 1117.6934843539875; line_96: 0.0; parcelle_145: 771.2827636787204; parcelle_144: 363.569639238784; line_135: 0.0; line_407: 0.0; line_109: 0.0; line_242: 0.0; line_401: 0.0;NULL;0.0;0.0;0.0157;100;0;300.0;0.0;747.0565289516464;0.0;747.0565289516464;100;0
20;20;6090.24;116.04700071089384;416.04;0;3;300;9.26;422.428;411.633;547;145;126;NULL;300;300;95.616768;0.0;11096.039144069371;0.0;95.616768;0.0;0.0;95.616768;NULL;NULL;parcelle_20: 0.0; parcelle_126: 0.0; parcelle_108: 0.0; parcelle_112: 0.0; parcelle_36: 0.0; parcelle_35: 0.0; parcelle_13: 0.0; parcelle_12: 0.0; parcelle_109: 0.0; parcelle_111: 0.0; parcelle_110: 0.0; parcelle_113: 0.0; parcelle_23: 0.0; parcelle_137: 0.0; parcelle_123: 0.0; parcelle_128: 0.0;NULL;NULL;NULL;parcelle_20: 95.616768; line_239: 0.0; parcelle_126: 5553.31699934019; line_212: 0.0; line_278: 0.01909744464782386; line_67: 0.007192760319950554; line_371: 0.05746081990178321; line_100: 0.0; parcelle_23: 0.008859670181144119; line_53: 0.0; line_80: 0.0; line_354: 0.0;NULL;0.0;0.0;0.0157;100;0;300.0;0.0;95.616768;0.0;95.616768;100;0
21;21;3489.9;63.201989614565214;503.06;5;2;100;15.02;508.966;499.01;91;20;44;100, 66, 32;100;100;1158.6468;3140.9100000000003;73228.78302054922;1744.95;1267.9850435464875;1267.9850435464875;0.0;0.0;NULL;NULL;parcelle_21: 1158.6468; parcelle_44: 109.3382435464876;NULL;NULL;NULL;line_421: 0.0;NULL;0.2568433721170845;0.08527199954287207;0.33199999999999996;0;1;100.0;1744.95;1267.9850435464875;1267.9850435464875;0.0;0;1
22;22;6011.63;81.0854487637061;440.98;3;2;100;10.65;445.46;436.077;427;107;28;118, 117;100;100;1995.8611600000002;5410.467000000001;161835.29782865103;3005.815;1995.8611600000002;1995.8611600000002;0.0;0.0;NULL;NULL;parcelle_22: 1995.8611600000002;NULL;NULL;NULL;;NULL;0.9999543299893807;0.3319848375564744;0.332;0;1;100.0;3005.815;1995.8611600000002;1995.8611600000002;0.0;0;1
23;23;3576.03;62.83665800325008;466.33;5;3;400;5.03;467.422;463.696;255;63;112;115, 6, 113, 114;400;400;35.045094;0.0;2202.116586369751;0.0;71.28505848113326;0.0;0.0;71.28505848113326;NULL;NULL;parcelle_23: 0.0; parcelle_112: 0.0; parcelle_36: 0.0; parcelle_35: 0.0; parcelle_13: 0.0; parcelle_12: 0.0;NULL;NULL;NULL;parcelle_23: 71.28505848113326;NULL;0.0;0.0;0.0098;100;0;400.0;0.0;71.28505848113326;0.0;71.28505848113326;100;0
24;24;10089.21;59.1213192092542;451.18;6;2;100;12.22;452.519;445.293;357;88;NULL;47, 15, 140;100;100;3349.6177199999997;9080.288999999999;198033.81845309425;5044.605;3349.6177199999997;3349.6177199999997;0.0;0.0;NULL;NULL;parcelle_24: 3349.6177199999997;NULL;NULL;NULL;;NULL;0.030605956;0.010161177391999999;0.332;0;2;100.0;5044.605;3349.6177199999997;3349.6177199999997;0.0;0;2
25;25;3904.44;48.316567471303436;467.7;6;2;100;10.6;473.409;466.849;233;57;104, 26;38, 7, 53;100;100;1296.2740800000001;3513.996;62631.51404762179;1952.22;1358.7554308800002;1358.7554308800002;0.0;0.0;NULL;NULL;parcelle_25: 1296.2740800000001; parcelle_26: 62.48135088;NULL;NULL;NULL;;NULL;0.7177003724732754;0.23827652366112748;0.332;0;1;100.0;1952.22;1358.7554308800002;1358.7554308800002;0.0;0;1
26;26;1608.52;37.55244374772743;472.34;6;2;100;12.55;474.718;469.764;215;51;104;91, 38, 25;100;100;534.02864;1447.6680000000001;20054.080463275382;804.26;534.02864;534.02864;0.0;0.0;NULL;NULL;parcelle_26: 534.02864;NULL;NULL;NULL;;NULL;0.2687078385446893;0.08921100239683685;0.332;0;0;100.0;804.26;534.02864;534.02864;0.0;0;0
27;27;7022.99;99.82809768713108;429.0;4;1;100;10.91;436.058;423.25;495;127;10, 97, 11, 45, 134, 46;NULL;100;100;936.164567;6320.691;93455.52784570678;5618.392;3903.7751796007296;3903.7751796007296;0.0;0.0;NULL;NULL;parcelle_27: 936.164567; parcelle_10: 290.92803055698266; parcelle_96: 42.16407457184654; parcelle_95: 76.42112321479489; parcelle_93: 0.0; parcelle_59: 1188.0218758174763; parcelle_94: 51.50905676971565; parcelle_37: 43.02720142562954; parcelle_85: 3.5120695516195233; parcelle_80: 0.9269169332289129; parcelle_84: 0.0; parcelle_60: 103.55900271513445; parcelle_38: 25.160937458203552; parcelle_26: 38.60921315076188; parcelle_25: 2.6086780160352494; parcelle_91: 176.36527519326677; parcelle_97: 191.12891859514284; parcelle_11: 303.0078329883611; parcelle_45: 0.0; parcelle_134: 62.005160842529065; parcelle_46: 368.6552448;NULL;NULL;NULL;line_155: 93.10930029396022; line_70: 5.003052017441701; line_378: 68.0137544001387; line_261: 4.8295626550500685; line_144: 0.0; line_372: 0.0; line_241: 0.0; line_324: 0.0; line_369: 0.04866409930340159; line_346: 0.0; line_310: 0.0; line_251: 0.0; line_365: 0.0; line_189: 0.0; line_385: 0.0; line_10: 0.0; line_331: 0.9816520965499143; parcelle_45: 6209.537425572202; line_23: 62.706866043728304; line_89: 226.54498844487466; line_217: 0.0;NULL;0.5499999999999999;0.07331499999999999;0.1333;0;2;100.0;5618.392;3903.7751796007296;3903.7751796007296;0.0;0;2
28;28;5358.89;42.40215370560898;446.35;5;2;110;8.56;449.229;445.46;389;96;116;118, 22, 120;110;110;427.10353299999997;4823.001;18110.109654474636;2679.445;427.10353299999997;427.10353299999997;0.0;0.0;NULL;NULL;parcelle_28: 427.10353299999997;NULL;NULL;NULL;;NULL;0.9997582659542091;0.07968073379655045;0.0797;0;0;110.0;2679.445;427.10353299999997;427.10353299999997;0.0;0;0
29;29;3695.2;80.82810545276283;422.9;0;3;500;19.37;437.702;421.467;530;138;34, 148;149;500;500;142.63472000000002;0.0;11528.8941893853;0.0;2071.7430968;0.0;0.0;2071.7430968;NULL;NULL;parcelle_29: 0.0; parcelle_34: 0.0;NULL;NULL;NULL;parcelle_29: 2071.7430968;NULL;0.0;0.0;0.03860000000000001;100;1;500.0;0.0;2071.7430968;0.0;2071.7430968;100;1
30;30;5621.52;79.05148745556822;445.05;6;2;100;14.54;449.663;438.165;394;98;49, 31;148, 147, 146, 34;100;100;1866.3446400000003;5059.368;147537.31989672701;2810.76;1866.3446400000003;1866.3446400000003;0.0;0.0;NULL;NULL;parcelle_30: 1866.3446400000003;NULL;NULL;NULL;;NULL;0.0;0.0;0.332;0;1;100.0;2810.76;1866.3446400000003;1866.3446400000003;0.0;0;1
31;31;6814.35;86.64070844301546;445.43;6;2;100;11.9;449.64;438.246;390;97;49, 40;14, 146, 30, 145;100;100;2262.3642000000004;6132.915000000001;196012.83704411593;3407.175;2488.1801247360004;2488.1801247360004;0.0;0.0;NULL;NULL;parcelle_31: 2262.3642000000004; parcelle_49: 225.81592473600003;NULL;NULL;NULL;;NULL;0.0;0.0;0.3320000000000001;0;2;100.0;3407.175;2488.1801247360004;2488.1801247360004;0.0;0;2
32;32;4869.48;61.11800552810368;495.31;6;2;100;6.7;498.325;493.892;119;28;21;100, 58, 33;100;100;646.666944;3408.6359999999995;39522.99385823391;1704.3179999999998;675.1088241410541;675.1088241410541;0.0;0.0;NULL;NULL;parcelle_32: 646.666944; parcelle_21: 25.989339211166907; parcelle_44: 2.452540929887217;NULL;NULL;NULL;line_165: 0.0; line_421: 0.0;NULL;0.4331997525297743;0.057528927135954026;0.1328;0;0;100.0;1704.3179999999998;675.1088241410541;675.1088241410541;0.0;0;0
33;33;3314.44;93.2372918020438;488.94;6;2;100;5.96;491.31;485.557;149;36;32;41, 58, 57;100;100;440.15763200000004;2320.1079999999997;41039.105573680616;1160.0539999999999;486.06503204159173;486.06503204159173;0.0;0.0;NULL;NULL;parcelle_33: 440.15763200000004; parcelle_32: 43.973352192; parcelle_21: 1.7672750663593497; parcelle_44: 0.16677278323233077;NULL;NULL;NULL;line_165: 0.0; line_421: 0.0;NULL;0.3176613778288703;0.042185430975673975;0.1328;0;0;100.0;1160.0539999999999;486.06503204159173;486.06503204159173;0.0;0;0
34;34;7173.54;76.38662517971112;444.84;6;2;100;12.81;449.182;437.702;404;99;49, 30;29, 148;100;100;2381.61528;6456.186;181923.55371563273;3586.77;2381.61528;2381.61528;0.0;0.0;NULL;NULL;parcelle_34: 2381.61528;NULL;NULL;NULL;;NULL;0.0;0.0;0.332;0;2;100.0;3586.77;2381.61528;2381.61528;0.0;0;2
35;35;9762.44;43.114747752618335;492.96;4;1;100;10.63;492.135;487.552;135;32;NULL;92, 13, 36, 106;100;100;1301.3332520000001;8786.196;56106.654902074515;7809.952000000001;1301.3332520000001;1301.3332520000001;0.0;0.0;NULL;NULL;parcelle_35: 1301.3332520000001;NULL;NULL;NULL;;NULL;0.8758926775959501;0.11675649392354015;0.1333;0;1;100.0;7809.952000000001;1301.3332520000001;1301.3332520000001;0.0;0;1
36;36;852.6;5.512451367961251;488.04;1;2;100;3.78;489.79;489.277;157;38;35;112, 13;100;100;113.22528;596.8199999999999;624.1488496237957;298.40999999999997;192.606608372;192.606608372;0.0;0.0;NULL;NULL;parcelle_36: 113.22528; parcelle_35: 79.38132837200001;NULL;NULL;NULL;;NULL;0.661707874612639;0.08787480574855847;0.1328;0;0;100.0;298.40999999999997;192.606608372;192.606608372;0.0;0;0
37;37;5058.45;65.83644376582194;458.08;5;2;110;12.43;462.697;453.736;301;75;38, 91;97, 94, 53;110;110;1007.6432399999999;4552.605;66339.64750627062;2529.225;1007.6432399999999;1007.6432399999999;0.0;0.0;NULL;NULL;parcelle_37: 1007.6432399999999;NULL;NULL;NULL;;NULL;0.5868352326322951;0.11689757834035318;0.1992;0;1;110.0;2529.225;1007.6432399999999;1007.6432399999999;0.0;0;1
38;38;4873.5;77.46496465356796;466.09;5;2;110;8.92;469.643;462.697;260;64;26, 25;53, 37, 91;110;110;388.41794999999996;4386.150000000001;30088.782767561326;2436.75;608.9717783199999;608.9717783199999;0.0;0.0;NULL;NULL;parcelle_38: 388.41794999999996; parcelle_26: 220.55382831999998;NULL;NULL;NULL;;NULL;0.3732209057997618;0.029745706192241015;0.0797;0;0;110.0;2436.75;608.9717783199999;608.9717783199999;0.0;0;0
39;39;4787.06;18.539490511163088;451.72;5;2;100;4.98;454.192;452.248;345;86;138;139, 140, 141;100;100;635.721568;3350.942;11785.95397767772;1675.471;1671.1927591600002;1671.1927591600002;0.0;0.0;NULL;NULL;parcelle_39: 635.721568; parcelle_138: 1035.47119116;NULL;NULL;NULL;;NULL;0.00023537788399701013;3.125818299480294e-05;0.1328;0;1;100.0;1675.471;1671.1927591600002;1671.1927591600002;0.0;0;1
40;40;6438.84;59.41544823875326;451.18;6;2;110;7.31;451.611;445.651;360;89;49;14, 31, 47, 15;110;110;513.1755479999999;5794.956;30490.555209587834;3219.42;513.1755479999999;513.1755479999999;0.0;0.0;NULL;NULL;parcelle_40: 513.1755479999999;NULL;NULL;NULL;;NULL;0.029854631185338865;0.0023794141054715072;0.0797;0;0;110.0;3219.42;513.1755479999999;513.1755479999999;0.0;0;0
41;41;20676.97;149.29009439024145;465.28;5;2;110;20.73;483.187;449.465;264;65;33, 57, 63;62, 102;110;110;4118.852424;18609.273;614903.8671584347;10338.485;5860.434608897406;5860.434608897406;0.0;0.0;NULL;NULL;parcelle_41: 4118.852424; parcelle_33: 248.3243307410734; parcelle_32: 25.027281109642672; parcelle_21: 1.0058384835142171; parcelle_44: 0.09491815200189331; parcelle_57: 926.7088520687518; parcelle_58: 148.15033506242253; parcelle_63: 392.27062928000004;NULL;NULL;NULL;line_165: 0.0; line_421: 0.0; line_163: 0.0; line_292: 0.0; line_326: 0.0; line_419: 0.0;NULL;0.16717811869244176;0.03330188124353439;0.1992;0;4;110.0;10338.485;5860.434608897406;5860.434608897406;0.0;0;4
42;42;5752.87;88.40773514868879;495.77;2;3;200;10.3;500.475;490.848;117;27;4, 3, 5, 2, 82;87;200;200;222.06078200000002;0.0;19631.89080196672;0.0;490.4642126385483;0.0;0.0;490.4642126385483;NULL;NULL;parcelle_42: 0.0; parcelle_4: 0.0; parcelle_78: 0.0; parcelle_74: 0.0; parcelle_5: 0.0; parcelle_88: 0.0; parcelle_89: 0.0;NULL;NULL;NULL;parcelle_42: 490.4642126385483; parcelle_78: 2.896093616257668; parcelle_74: 14.729066838194198; line_301: 0.0; line_179: 0.0; parcelle_88: 0.03020686623844787; line_43: 0.3391804492946029; line_133: 0.0;NULL;0.0;0.0;0.0386;100;0;200.0;0.0;490.4642126385483;0.0;490.4642126385483;100;0
43;43;6191.46;63.37960439194315;461.01;3;2;100;10.51;466.793;457.77;293;73;103, 7;NULL;100;100;2055.5647200000003;5572.314;130280.87875563541;3095.73;2686.290477764389;2686.290477764389;0.0;0.0;NULL;NULL;parcelle_43: 2055.5647200000003; parcelle_7: 507.06542600000006; parcelle_25: 117.97390402080002; parcelle_26: 5.6864277435888;NULL;NULL;NULL;;NULL;0.55;0.18260000000000004;0.3320000000000001;0;2;100.0;3095.73;2686.290477764389;2686.290477764389;0.0;0;2
44;44;7345.9;40.46182764008228;513.27;5;2;110;20.01;514.055;505.958;52;11;NULL;21, 65, 66;110;110;1463.3032799999999;6611.3099999999995;59207.92510052705;3672.95;1463.3032799999999;1463.3032799999999;0.0;0.0;NULL;NULL;parcelle_44: 1463.3032799999999;NULL;NULL;NULL;;NULL;0.0447136735796497;0.008906963777066219;0.1992;0;1;110.0;3672.95;1463.3032799999999;1463.3032799999999;0.0;0;1
45;45;6077.57;122.49653343619599;442.28;1;3;300;9.76;446.677;434.715;424;106;94, 10, 97;27;300;300;95.41784899999999;0.0;11688.3557304384;0.0;6209.537425572202;0.0;0.0;6209.537425572202;NULL;NULL;parcelle_45: 0.0; parcelle_94: 0.0; parcelle_59: 0.0; parcelle_93: 0.0; parcelle_95: 0.0; parcelle_37: 0.0; parcelle_96: 0.0; parcelle_85: 0.0; parcelle_80: 0.0; parcelle_84: 0.0; parcelle_60: 0.0; parcelle_38: 0.0; parcelle_26: 0.0; parcelle_25: 0.0; parcelle_91: 0.0; parcelle_10: 0.0; parcelle_97: 0.0;NULL;NULL;NULL;parcelle_45: 6209.537425572202; line_23: 0.0; line_378: 0.0; line_155: 0.0; line_261: 0.0; line_144: 0.0; line_372: 0.0; line_241: 0.0; line_324: 0.0; line_369: 0.07249330998538944; line_346: 0.0; line_310: 0.0; line_251: 0.0; line_365: 0.0; line_189: 0.0; line_385: 0.0; line_10: 0.0; line_70: 0.0; line_89: 0.0;NULL;0.0;0.0;0.0157;100;4;300.0;0.0;6209.537425572202;0.0;6209.537425572202;100;4
46;46;8424.48;85.6322243261363;434.34;4;1;110;13.79;444.758;429.076;468;118;135, 137, 136, 11;129, 27;110;110;673.9584;7582.032;57712.556895283895;6739.584;1236.5535174440563;1236.5535174440563;0.0;0.0;NULL;NULL;parcelle_46: 673.9584; parcelle_11: 293.3609227630001; parcelle_10: 178.60963645699204; parcelle_96: 25.79528406267908; parcelle_95: 25.76405453333809; parcelle_93: 0.0; parcelle_59: 20.99315511462594; parcelle_94: 2.0905462716314314; parcelle_37: 1.7463017410943944; parcelle_85: 0.14254083392894165; parcelle_80: 0.037619845137856156; parcelle_84: 0.0; parcelle_60: 4.203045068130234; parcelle_38: 1.0211816579977613; parcelle_26: 1.5669932952529597; parcelle_25: 0.10587579043993962; parcelle_91: 7.157960009807622;NULL;NULL;NULL;line_155: 0.0; line_70: 0.0; line_378: 0.0; line_261: 0.0; line_144: 0.0; line_372: 0.0; line_241: 0.0; line_324: 0.0; line_369: 0.015614923915792289; line_346: 0.0; line_310: 0.0; line_251: 0.0; line_365: 0.0; line_189: 0.0; line_385: 0.0; line_10: 0.0;NULL;0.75385;0.060308;0.08;0;1;110.0;6739.584;1236.5535174440563;1236.5535174440563;0.0;0;1
47;47;7393.94;54.42931276696961;451.02;7;1;100;9.58;452.206;443.795;365;90;24, 40;15;100;100;391.87881999999996;5175.758;21329.694860530984;4436.364;432.07423264;432.07423264;0.0;0.0;NULL;NULL;parcelle_47: 391.87881999999996; parcelle_24: 40.19541264;NULL;NULL;NULL;;NULL;0.033707;0.0017864709999999998;0.053;0;0;100.0;4436.364;432.07423264;432.07423264;0.0;0;0
48;48;2173.45;36.75633549406843;415.64;0;3;300;5.33;417.101;415.137;548;146;146, 147, 148;70, 149;300;300;34.12316499999999;0.0;1254.2425008594532;0.0;34.12316499999999;0.0;0.0;34.12316499999999;NULL;NULL;parcelle_48: 0.0; parcelle_146: 0.0; parcelle_31: 0.0; parcelle_49: 0.0; parcelle_30: 0.0; parcelle_147: 0.0; parcelle_148: 0.0; parcelle_34: 0.0;NULL;NULL;NULL;parcelle_48: 34.12316499999999; parcelle_146: 914.4764871987169; line_96: 0.0; parcelle_147: 452.6644564; parcelle_148: 317.15290890432004; line_140: 0.0; line_359: 0.0; line_143: 0.0; line_59: 0.0; line_258: 0.0;NULL;0.0;0.0;0.0157;100;0;300.0;0.0;34.12316499999999;0.0;34.12316499999999;100;0
49;49;4428.18;20.83781475237451;451.19;6;2;100;6.04;450.923;449.663;351;87;NULL;31, 30, 34, 40;100;100;588.062304;3099.726;12253.933353606544;1549.863;588.062304;588.062304;0.0;0.0;NULL;NULL;parcelle_49: 588.062304;NULL;NULL;NULL;;NULL;0.0;0.0;0.1328;0;0;100.0;1549.863;588.062304;588.062304;0.0;0;0
50;50;19964.87;142.73864166793365;421.25;6;2;110;9.91;425.788;411.633;533;139;119, 124, 125;NULL;110;110;1591.2001389999998;17968.382999999998;227125.74646268718;9982.435;15648.593740039347;15648.593740039347;0.0;0.0;NULL;NULL;parcelle_50: 1591.2001389999998; parcelle_119: 3843.7034400000002; parcelle_118: 0.0; parcelle_22: 1994.9893187721502; parcelle_117: 806.1531040000001; parcelle_120: 456.5753311448836; parcelle_121: 0.0; parcelle_28: 422.4579536252646; parcelle_116: 974.9188654163811; parcelle_6: 0.0; parcelle_23: 0.0; parcelle_112: 452.55150716147466; parcelle_36: 7.039293237168936; parcelle_35: 17.765085943303024; parcelle_13: 45.376844619090704; parcelle_12: 4.262058037053597; parcelle_113: 185.9266815438678; parcelle_114: 363.78185130896475; parcelle_115: 2047.7745113135857; parcelle_124: 1212.2451178507463; parcelle_125: 1039.6029035171007; parcelle_122: 182.26973354831006;NULL;NULL;NULL;line_57: 0.0; line_162: 0.0; line_249: 0.0; line_193: 0.0; parcelle_6: 0.36691674645414935; parcelle_23: 0.47951948169413094; line_290: 0.0; line_272: 0.0; line_3: 0.0; line_186: 0.0; line_348: 0.0; line_100: 62.307379576974924; line_212: 0.8765019007895736; line_211: 0.0; line_381: 0.0; line_323: 0.0; line_315: 0.0; line_14: 0.0; line_271: 0.0; line_64: 0.0;NULL;1.0;0.0797;0.0797;0;10;110.0;9982.435;15648.593740039347;15648.593740039347;0.0;0;10
51;51;14023.69;115.87197837032272;552.66;4;3;400;11.45;553.805;538.767;12;1;1;56, 52, 72;400;400;319.740132;0.0;37048.92165922814;0.0;319.740132;0.0;0.0;319.740132;NULL;NULL;parcelle_51: 0.0; parcelle_1: 0.0;NULL;NULL;NULL;parcelle_51: 319.740132; parcelle_1: 296.393629584;NULL;0.0;0.0;0.0228;100;0;400.0;0.0;319.740132;0.0;319.740132;100;0
52;52;11671.66;92.29288607567962;538.56;7;1;110;25.24;551.433;526.815;16;2;1, 51;56, 76, 77;110;110;1890.80892;10504.494;174508.21224443882;11671.66;1890.80892;1890.80892;0.0;0.0;NULL;NULL;parcelle_52: 1890.80892; parcelle_1: 0.0; parcelle_51: 0.0;NULL;NULL;NULL;parcelle_1: 852.2456826038401; parcelle_51: 83.13243432;NULL;1.0;0.162;0.162;0;1;110.0;11671.66;1890.80892;1890.80892;0.0;0;1
53;53;16096.31;121.02033438194918;453.92;6;2;101;11.64;463.685;445.216;329;82;25, 38, 7, 37;97, 8, 9, 133, 134;101;101;1667.577716;11267.417;201810.8127982071;5633.7085;3477.6734445179;3477.6734445179;0.0;0.0;NULL;NULL;parcelle_53: 1667.577716; parcelle_25: 772.0932489000002; parcelle_26: 37.215454617899994; parcelle_7: 1000.7870250000001;NULL;NULL;NULL;;NULL;0.979;0.10142440000000001;0.1036;0;2;101.0;5633.7085;3477.6734445179;3477.6734445179;0.0;0;2
54;54;7572.41;66.8145626945787;514.39;2;3;100;15.73;521.496;504.572;48;10;1, 72;55, 73;100;100;1009.402253;6815.169;67442.77011711748;1135.8615;1571.500669256;1571.500669256;0.0;0.0;NULL;NULL;parcelle_54: 1009.402253; parcelle_1: 0.0; parcelle_72: 562.0984162560001; parcelle_51: 0.0;NULL;NULL;NULL;parcelle_1: 2003.970999663889; parcelle_51: 116.308030936056;NULL;0.19745;0.026320085;0.1333;0;1;100.0;1135.8615;1571.500669256;1571.500669256;0.0;0;1
55;55;7781.64;36.84292063124499;500.39;5;3;400;3.47;503.908;501.759;105;23;1, 54;NULL;400;400;76.260072;0.0;2809.643780029028;0.0;1083.592000993096;0.0;0.0;1083.592000993096;NULL;NULL;parcelle_55: 0.0; parcelle_1: 0.0; parcelle_54: 0.0; parcelle_72: 0.0; parcelle_51: 0.0;NULL;NULL;NULL;parcelle_55: 1083.592000993096; parcelle_1: 7600.009671920554; parcelle_51: 74.55344783001189;NULL;0.0;0.0;0.009799999999999998;100;1;400.0;0.0;1083.592000993096;0.0;1083.592000993096;100;1
56;56;8948.58;93.38736714477184;528.08;4;1;110;14.45;537.994;522.462;24;4;51, 52, 72;74, 75, 76, 73;110;110;715.8864;8053.722;66854.746070749;7158.8640000000005;830.37425088;830.37425088;0.0;0.0;NULL;NULL;parcelle_56: 715.8864; parcelle_51: 0.0; parcelle_1: 0.0; parcelle_72: 114.48785088;NULL;NULL;NULL;parcelle_51: 107.46146096388; parcelle_1: 193.26392216044655;NULL;1.0;0.08;0.08;0;1;110.0;7158.8640000000005;830.37425088;830.37425088;0.0;0;1
57;57;5820.03;68.60081889537211;479.22;3;2;100;12.85;486.377;474.061;193;46;33, 58;102, 41, 101;100;100;1932.24996;5238.027;132553.92956655;2910.015;2285.382775149266;2285.382775149266;0.0;0.0;NULL;NULL;parcelle_57: 1932.24996; parcelle_33: 39.620867701126535; parcelle_32: 4.414429881142583; parcelle_21: 0.17741453567313598; parcelle_44: 0.016742111323413095; parcelle_58: 308.90336092;NULL;NULL;NULL;line_292: 0.0; line_165: 0.0; line_421: 0.0; line_326: 0.0; line_419: 0.0;NULL;0.2958105774709576;0.09820911172035794;0.332;0;1;100.0;2910.015;2285.382775149266;2285.382775149266;0.0;0;1
58;58;12083.53;70.1182311772378;484.75;6;2;100;15.91;493.892;482.538;167;41;32, 33;100, 101, 99, 57;100;100;4011.7319600000005;10875.177000000001;281295.54899239336;6041.765;4023.440066152455;4023.440066152455;0.0;0.0;NULL;NULL;parcelle_58: 4011.7319600000005; parcelle_32: 6.4238551199050296; parcelle_21: 0.25817269817738353; parcelle_44: 0.02436303224621386; parcelle_33: 5.001715302125817;NULL;NULL;NULL;line_326: 0.0; line_165: 0.0; line_421: 0.0; line_419: 0.0;NULL;0.34947741446526376;0.11602650160246758;0.332;0;3;100.0;6041.765;4023.440066152455;4023.440066152455;0.0;0;3
59;59;18743.26;105.42420980277066;467.06;5;2;110;12.15;475.054;462.175;242;60;92, 60, 93;91, 94, 95;110;110;3733.6573919999996;16868.933999999997;393617.8802258735;9371.63;3733.6573919999996;3733.6573919999996;0.0;0.0;NULL;NULL;parcelle_59: 3733.6573919999996; parcelle_93: 0.0;NULL;NULL;NULL;;NULL;0.19079597017311503;0.038006557258484515;0.1992;0;2;110.0;9371.63;3733.6573919999996;3733.6573919999996;0.0;0;2
60;60;13449.79;99.5091761312418;472.19;5;2;110;9.85;477.218;464.031;219;52;87, 86;59, 91;110;110;1071.948263;12104.811000000002;106668.6885064457;6724.895;1071.948263;1071.948263;0.0;0.0;NULL;NULL;parcelle_60: 1071.948263;NULL;NULL;NULL;;NULL;0.06523808287849588;0.005199475205416121;0.0797;0;1;110.0;6724.895;1071.948263;1071.948263;0.0;0;1
61;61;3405.25;27.397439086995035;419.72;6;2;100;8.23;419.045;416.79;538;141;NULL;NULL;100;100;452.2172;2383.6749999999997;12389.593191091451;1191.8374999999999;452.2172;452.2172;0.0;0.0;NULL;NULL;parcelle_61: 452.2172;NULL;NULL;NULL;;NULL;0.55;0.07304;0.1328;0;0;100.0;1191.8374999999999;452.2172;452.2172;0.0;0;0
62;62;7403.05;64.80773870488494;461.04;5;2;110;10.75;466.607;459.194;290;72;63, 41;64, 102;110;110;1474.6875599999998;6662.745;95571.16605982432;3701.525;2331.68645072;2331.68645072;0.0;0.0;NULL;NULL;parcelle_62: 1474.6875599999998; parcelle_63: 856.9988907200001;NULL;NULL;NULL;;NULL;0.6341059602649006;0.12631390728476818;0.1992;0;1;110.0;3701.525;2331.68645072;2331.68645072;0.0;0;1
63;63;3762.86;25.94734000726199;469.1;5;2;100;13.55;470.123;466.607;230;56;NULL;62, 41;100;100;1249.26952;3386.574;32415.220996148983;1881.43;1249.26952;1249.26952;0.0;0.0;NULL;NULL;parcelle_63: 1249.26952;NULL;NULL;NULL;;NULL;0.4874906180111486;0.16184688517970133;0.332;0;1;100.0;1881.43;1249.26952;1249.26952;0.0;0;1
64;64;5289.5;45.57923270058708;457.59;5;2;110;15.34;459.194;451.252;309;77;62, 138;102, 139;110;110;1053.6684;4760.55;48025.397192855264;2644.75;1067.341387762419;1067.341387762419;0.0;0.0;NULL;NULL;parcelle_64: 1053.6684; parcelle_138: 13.6729877624188;NULL;NULL;NULL;line_424: 0.0;NULL;0.027600343403700475;0.005497988406017135;0.19920000000000002;0;1;110.0;2644.75;1067.341387762419;1067.341387762419;0.0;0;1
65;65;4544.89;52.8316939012827;511.79;5;2;100;14.91;509.028;496.391;61;13;1, 44;NULL;100;100;1508.9034800000002;4090.4010000000003;79717.92678194024;2272.445;1536.7062423200002;1536.7062423200002;0.0;0.0;NULL;NULL;parcelle_65: 1508.9034800000002; parcelle_1: 0.0; parcelle_44: 27.802762319999996;NULL;NULL;NULL;parcelle_1: 1413.569618016;NULL;1.0;0.332;0.332;0;1;100.0;2272.445;1536.7062423200002;1536.7062423200002;0.0;0;1
66;66;18672.75;127.03549584616087;490.92;0;3;500;20.6;505.958;479.634;146;35;44, 21;NULL;500;500;720.76815;0.0;91563.13932537005;0.0;2170.663503029272;0.0;0.0;2170.663503029272;NULL;NULL;parcelle_66: 0.0; parcelle_44: 0.0; parcelle_21: 0.0;NULL;NULL;NULL;parcelle_66: 2170.663503029272; line_285: 0.0; line_421: 0.0;NULL;0.0;0.0;0.0386;100;1;500.0;0.0;2170.663503029272;0.0;2170.663503029272;100;1
67;67;370.99;5.658768526339308;467.56;3;3;500;15.5;467.529;466.651;237;58;NULL;NULL;500;500;14.320214000000002;0.0;81.03477627364354;0.0;14.320214000000002;0.0;0.0;14.320214000000002;NULL;NULL;parcelle_67: 0.0;NULL;NULL;NULL;parcelle_67: 14.320214000000002;NULL;0.0;0.0;0.0386;100;0;500.0;0.0;14.320214000000002;0.0;14.320214000000002;100;0
68;68;644.27;35.79431145781696;466.84;0;3;300;5.17;468.516;466.651;253;62;103;NULL;300;300;10.115039;0.0;362.0608563739654;0.0;79.76176472;0.0;0.0;79.76176472;NULL;NULL;parcelle_68: 0.0; parcelle_103: 0.0; parcelle_105: 0.0; parcelle_89: 0.0; parcelle_88: 0.0; parcelle_78: 0.0; parcelle_74: 0.0;NULL;NULL;NULL;parcelle_68: 79.76176472; line_11: 0.0; parcelle_105: 26.87217812082898; parcelle_88: 0.6081809769371836; parcelle_78: 0.06808386031571803; parcelle_74: 0.0003725962334299154;NULL;0.0;0.0;0.0157;100;0;300.0;0.0;79.76176472;0.0;79.76176472;100;0
69;69;1549.51;20.070348828453078;470.57;0;3;500;7.16;471.291;469.462;225;54;103;NULL;500;500;24.327306999999998;0.0;488.2575375468683;0.0;258.59356624000003;0.0;0.0;258.59356624000003;NULL;NULL;parcelle_69: 0.0; parcelle_103: 0.0; parcelle_105: 0.0; parcelle_89: 0.0; parcelle_88: 0.0; parcelle_78: 0.0; parcelle_74: 0.0;NULL;NULL;NULL;parcelle_69: 258.59356624000003; line_11: 0.0; parcelle_105: 90.38823549733384; parcelle_88: 2.0456996496977995; parcelle_78: 0.22900934833468795; parcelle_74: 0.0012532782397188065;NULL;0.0;0.0;0.0157;100;0;500.0;0.0;258.59356624000003;0.0;258.59356624000003;100;0
70;70;4319.2;63.33875493267529;412.5;6;2;100;5.49;415.137;411.633;558;149;48, 71;NULL;100;100;573.58976;3023.4399999999996;36330.46124053204;1511.7199999999998;1243.1075999999998;1243.1075999999998;0.0;0.0;NULL;NULL;parcelle_70: 573.58976; parcelle_48: 0.0; parcelle_146: 0.0; parcelle_31: 0.0; parcelle_49: 0.0; parcelle_30: 0.0; parcelle_147: 0.0; parcelle_148: 0.0; parcelle_34: 0.0; parcelle_71: 669.51784; parcelle_149: 0.0; parcelle_29: 0.0;NULL;NULL;NULL;parcelle_48: 34.12316499999999; parcelle_146: 914.476487198717; line_96: 0.0; parcelle_147: 452.6644564; parcelle_148: 2072.89482944; line_140: 0.0; line_359: 0.0; line_143: 0.0; line_59: 0.0; line_258: 0.0; parcelle_149: 67.96109000000001; parcelle_29: 2071.7430968; line_63: 0.0;NULL;0.55;0.07304;0.1328;0;1;100.0;1511.7199999999998;1243.1075999999998;1243.1075999999998;0.0;0;1
71;71;5041.55;43.82388009722307;414.57;6;2;100;1.69;414.745;413.855;555;148;149;70;100;100;669.51784;3529.085;29340.869543111778;1764.5425;669.51784;669.51784;0.0;0.0;NULL;NULL;parcelle_71: 669.51784; parcelle_149: 0.0; parcelle_148: 0.0; parcelle_30: 0.0; parcelle_34: 0.0; parcelle_49: 0.0; parcelle_29: 0.0; parcelle_48: 0.0; parcelle_146: 0.0; parcelle_31: 0.0; parcelle_147: 0.0;NULL;NULL;NULL;parcelle_149: 67.96109000000001; parcelle_148: 1780.162694521313; line_140: 0.0; line_359: 0.0; line_143: 0.0; parcelle_29: 2071.7430968; parcelle_48: 2.6274837049999995; parcelle_146: 70.4146895143012; line_96: 0.0; parcelle_147: 34.8551631428; line_59: 0.0; line_258: 0.0; line_63: 0.0;NULL;0.5499999999999999;0.07304;0.1328;0;0;100.0;1764.5425;669.51784;669.51784;0.0;0;0
72;72;5541.12;60.94512932261529;532.11;2;3;100;10.34;534.318;526.773;20;3;1, 51;56, 54, 73;100;100;738.631296;4987.008;45015.97985645093;831.168;738.631296;738.631296;0.0;0.0;NULL;NULL;parcelle_72: 738.631296; parcelle_1: 0.0; parcelle_51: 0.0;NULL;NULL;NULL;parcelle_1: 745.863169093152; parcelle_51: 152.835783096;NULL;0.35145945000000006;0.04684954468500001;0.1333;0;0;100.0;831.168;738.631296;738.631296;0.0;0;0
73;73;14642.61;132.28023466660323;504.9;2;3;100;21.31;521.114;491.11;87;19;72, 56, 54, 74;NULL;100;100;1951.859913;13178.349;258192.48732797577;2196.3915;2578.073682126904;2578.073682126904;0.0;0.0;NULL;NULL;parcelle_73: 1951.859913; parcelle_72: 263.838360299904; parcelle_1: 0.0; parcelle_51: 0.0; parcelle_54: 362.375408827; parcelle_74: 0.0;NULL;NULL;NULL;parcelle_1: 782.0780950831609; parcelle_51: 54.5927888861081; parcelle_74: 33.648992616;NULL;0.55;0.073315;0.1333;0;2;100.0;2196.3915;2578.073682126904;2578.073682126904;0.0;0;2
74;74;10136.46;109.35402532534519;510.49;0;3;500;10.31;517.99;505.455;63;14;56, 76, 75;73, 98, 4, 78;100;500;391.267356;0.0;42786.660357004854;0.0;391.267356;0.0;0.0;391.267356;NULL;NULL;parcelle_74: 0.0;NULL;NULL;NULL;parcelle_74: 391.267356;NULL;0.0;0.0;0.0386;100;0;500.0;0.0;391.267356;0.0;391.267356;100;0
75;75;2029.74;35.48248967786755;518.55;4;1;100;15.06;522.355;515.5;36;7;56, 76;74;100;100;270.564342;1826.766;9600.296472214026;1623.7920000000001;318.47907480000003;318.47907480000003;0.0;0.0;NULL;NULL;parcelle_75: 270.564342; parcelle_76: 47.914732799999996;NULL;NULL;NULL;;NULL;1.0;0.1333;0.1333;0;0;100.0;1623.7920000000001;318.47907480000003;318.47907480000003;0.0;0;0
76;76;6806.07;88.80312162037914;519.32;7;1;110;17.59;526.815;511.154;33;6;52, 56, 77;75, 4, 74;110;110;544.4856;6125.463;48352.02095734511;5444.856;544.4856;544.4856;0.0;0.0;NULL;NULL;parcelle_76: 544.4856;NULL;NULL;NULL;;NULL;1.0;0.08000000000000002;0.08;0;0;110.0;5444.856;544.4856;544.4856;0.0;0;0
77;77;6714.71;33.85754654980785;527.4;7;1;110;14.48;527.84;520.259;29;5;1, 52;76, 79, 4;110;110;537.1768;6043.2390000000005;18187.48851147682;5371.768;1028.7871192;1028.7871192;0.0;0.0;NULL;NULL;parcelle_77: 537.1768; parcelle_1: 0.0; parcelle_52: 491.6103192; parcelle_51: 0.0;NULL;NULL;NULL;parcelle_1: 597.7757919489985; parcelle_51: 21.614432923200003;NULL;1.0;0.08000000000000003;0.07999999999999999;0;1;110.0;5371.768;1028.7871192;1028.7871192;0.0;0;1
78;78;4553.86;44.26691872649184;510.48;0;3;500;6.87;511.75;508.574;68;15;74;88, 5, 98, 4;100;500;71.49560199999999;0.0;3164.8900030356067;0.0;71.49560199999999;0.0;0.0;71.49560199999999;NULL;NULL;parcelle_78: 0.0; parcelle_74: 0.0;NULL;NULL;NULL;parcelle_78: 71.49560199999999; parcelle_74: 0.391267356;NULL;0.0;0.0;0.0157;100;0;500.0;0.0;71.49560199999999;0.0;71.49560199999999;100;0
79;79;13056.39;101.57874435710167;526.42;7;1;110;21.01;530.342;505.744;43;9;1, 77, 150;3, 81;110;110;1044.5112;11750.751;106100.13616292948;10445.112000000001;1044.5112;1044.5112;0.0;0.0;NULL;NULL;parcelle_79: 1044.5112; parcelle_1: 0.0; parcelle_150: 0.0;NULL;NULL;NULL;parcelle_1: 182.39607974400002; parcelle_150: 6.355064520000001;NULL;1.0;0.08;0.08;0;1;110.0;10445.112000000001;1044.5112;1044.5112;0.0;0;1
80;80;16071.23;103.48586302154206;506.06;2;3;100;10.31;508.791;496.673;82;18;81;84, 85, 82, 83;100;100;2142.294959;14464.107;221697.24267881404;2410.6845;2142.294959;2142.294959;0.0;0.0;NULL;NULL;parcelle_80: 2142.294959;NULL;NULL;NULL;;NULL;0.9925133914581976;0.13230203508137772;0.1333;0;1;100.0;2410.6845;2142.294959;2142.294959;0.0;0;1
81;81;10104.8;84.71537859540422;513.01;2;3;110;14.49;521.162;508.791;57;12;150, 79;80, 82, 2;110;110;808.384;9094.32;68482.55661046725;1515.7199999999998;808.384;808.384;0.0;0.0;NULL;NULL;parcelle_81: 808.384; parcelle_150: 0.0;NULL;NULL;NULL;parcelle_150: 84.43157148;NULL;1.0;0.08;0.08;0;1;110.0;1515.7199999999998;808.384;808.384;0.0;0;1
82;82;2567.93;57.885447514961655;496.85;2;3;100;11.91;502.272;494.899;112;26;81, 80, 2;87, 83, 42;100;100;342.305069;2311.1369999999997;19814.48210570483;385.18949999999995;2235.54687515867;2235.54687515867;0.0;0.0;NULL;NULL;parcelle_82: 342.305069; parcelle_2: 85.21948446799999; parcelle_81: 625.2630148263934; parcelle_150: 0.0; parcelle_56: 165.4424293736501; parcelle_51: 0.0; parcelle_1: 0.0; parcelle_72: 26.458315430151192; parcelle_52: 436.9688000863931; parcelle_75: 62.52782849676027; parcelle_76: 125.8314453563715; parcelle_77: 124.1423706263499; parcelle_79: 241.38811749460044;NULL;NULL;NULL;line_121: 0.0; parcelle_150: 36.08560932546091; line_247: 0.0; line_340: 0.0; line_268: 0.0; parcelle_1: 370.7093803258979; line_243: 0.0; parcelle_51: 44.046537355021954; line_190: 0.0; line_423: 0.0; line_246: 0.0; line_62: 0.0; line_406: 0.0; line_58: 0.0; line_37: 0.0; line_205: 0.0; line_398: 0.0; line_166: 0.0; line_352: 0.0; line_72: 0.0;NULL;1.0;0.1333;0.1333;0;1;100.0;385.18949999999995;2235.54687515867;2235.54687515867;0.0;0;1
83;83;3203.4;44.25080496585515;492.37;2;3;100;17.74;496.673;488.809;140;33;80, 82, 84;86, 87;100;100;427.01322;2883.06;18895.678716061797;480.51;1739.2792357181393;1739.2792357181393;0.0;0.0;NULL;NULL;parcelle_83: 427.01322; parcelle_82: 200.933075503; parcelle_2: 50.02383738271599; parcelle_81: 367.0293897030929; parcelle_150: 0.0; parcelle_56: 97.1147060423326; parcelle_51: 0.0; parcelle_1: 0.0; parcelle_72: 15.531031157498749; parcelle_52: 256.50068565071274; parcelle_75: 36.70383532759828; parcelle_76: 73.86305842419007; parcelle_77: 72.8715715576674; parcelle_79: 141.69482496933045;NULL;NULL;NULL;line_121: 0.0; parcelle_150: 21.18225267404555; line_247: 0.0; line_340: 0.0; line_268: 0.0; parcelle_1: 217.60640625130205; line_243: 0.0; parcelle_51: 25.855317427397885; line_190: 0.0; line_423: 0.0; line_246: 0.0; line_62: 0.0; line_406: 0.0; line_58: 0.0; line_37: 0.0; line_205: 0.0; line_398: 0.0; line_166: 0.0; line_352: 0.0; line_72: 0.0;NULL;0.9999999999999999;0.13329999999999997;0.1333;0;1;100.0;480.51;1739.2792357181393;1739.2792357181393;0.0;0;1
84;84;1969.3;32.978840065754326;493.77;5;3;700;16.74;497.215;491.664;123;29;80;86, 85, 83;700;700;0.0;0.0;0.0;0.0;490.01138134081873;490.01138134081873;0.0;0.0;NULL;NULL;parcelle_84: 0.0; parcelle_80: 490.01138134081873;NULL;NULL;NULL;line_29: 3.4410302803581647;NULL;0.0;0.0;0.0;0;0;700.0;0.0;490.01138134081873;490.01138134081873;0.0;0;0
85;85;4999.31;76.70165940158164;491.96;5;2;100;13.56;499.532;487.595;144;34;80, 84;86;100;100;1659.7709200000002;4499.379000000001;127307.18379048981;2499.655;2097.8231135619117;2097.8231135619117;0.0;0.0;NULL;NULL;parcelle_85: 1659.7709200000002; parcelle_80: 438.0521935619115; parcelle_84: 0.0;NULL;NULL;NULL;line_29: 0.960047448219928;NULL;0.9723606404548233;0.32282373263100134;0.332;0;1;100.0;2499.655;2097.8231135619117;2097.8231135619117;0.0;0;1
86;86;4112.07;35.34451242612954;483.93;5;2;110;23.19;487.819;479.258;162;40;84, 83, 85, 87;60;110;110;819.1243439999998;3700.863;28951.550555053203;2056.035;3107.8271714859115;3107.8271714859115;0.0;0.0;NULL;NULL;parcelle_86: 819.1243439999998; parcelle_84: 0.0; parcelle_80: 749.6815338331539; parcelle_85: 1539.021293652758;NULL;NULL;NULL;line_29: 0.7121625992712117; line_369: 0.0;NULL;1.0;0.1992;0.1992;0;2;110.0;2056.035;3107.8271714859115;3107.8271714859115;0.0;0;2
87;87;11966.17;111.61322211543447;487.01;4;1;100;16.14;501.549;475.395;158;39;89, 5, 82, 42, 83, 90;60, 91, 86;100;100;1595.090461;10769.553;178033.18591780376;9572.936;7420.6319510796;7420.6319510796;0.0;0.0;NULL;NULL;parcelle_87: 1595.090461; parcelle_89: 36.8167657869291; parcelle_88: 0.0; parcelle_78: 0.0; parcelle_74: 0.0; parcelle_5: 212.2892663; parcelle_4: 187.06265560441705; parcelle_42: 0.0; parcelle_90: 31.693670400000002; parcelle_3: 266.4728; parcelle_56: 618.7716939576674; parcelle_51: 0.0; parcelle_1: 0.0; parcelle_72: 98.95681972250127; parcelle_52: 1634.3082343492874; parcelle_75: 233.86050667240175; parcelle_76: 470.62254157581; parcelle_77: 464.3052284423327; parcelle_79: 902.8163750306695; parcelle_150: 0.0; parcelle_2: 267.95931361728395; parcelle_82: 141.371993497; parcelle_81: 258.2336251233005;NULL;NULL;NULL;line_333: 0.0; parcelle_88: 1.1826105709206867; parcelle_78: 5.297946608803928; parcelle_74: 26.302596536877303; line_301: 0.0; line_179: 0.0; line_43: 0.3391804492946029; line_133: 0.0; parcelle_42: 490.4642126385483; line_125: 0.0; line_32: 0.0; line_121: 0.0; parcelle_150: 10.103970611129055; line_247: 0.0; line_340: 0.0; line_268: 0.0; parcelle_1: 103.79862649125141; line_243: 0.0; parcelle_51: 12.333030459406148; line_190: 0.0; line_423: 0.0; line_246: 0.0; line_62: 0.0; line_406: 0.0; line_58: 0.0; line_37: 0.0; line_205: 0.0; line_398: 0.0; line_166: 0.0; line_352: 0.0; line_72: 0.0; line_300: 0.0; line_209: 0.0; line_176: 0.0; line_197: 0.0;NULL;1.0;0.13330000000000003;0.1333;0;5;100.0;9572.936;7420.6319510796;7420.6319510796;0.0;0;5
88;88;5166.21;64.65934930071481;509.47;0;3;500;4.8;511.19;508.067;73;16;78;5, 98, 89;100;500;81.10949699999999;0.0;5244.487298128279;0.0;81.10949699999999;0.0;0.0;81.10949699999999;NULL;NULL;parcelle_88: 0.0; parcelle_78: 0.0; parcelle_74: 0.0;NULL;NULL;NULL;parcelle_88: 81.10949699999999; parcelle_78: 9.079941453999998; parcelle_74: 0.049690954212;NULL;0.0;0.0;0.0157;100;0;500.0;0.0;81.10949699999999;0.0;81.10949699999999;100;0
89;89;6080.64;74.56959581776464;501.71;4;1;100;17.84;508.067;493.707;98;22;88;98, 87, 105, 90, 104, 5;100;100;810.5493120000001;5472.576;60442.33458620721;4864.512000000001;810.5493120000001;810.5493120000001;0.0;0.0;NULL;NULL;parcelle_89: 810.5493120000001; parcelle_88: 0.0; parcelle_78: 0.0; parcelle_74: 0.0;NULL;NULL;NULL;parcelle_88: 31.713813326999997; parcelle_78: 3.5502571085139993; parcelle_74: 0.019429163096892;NULL;0.48942074601908186;0.06523978544434361;0.1333;0;1;100.0;4864.512000000001;810.5493120000001;810.5493120000001;0.0;0;1
90;90;8085.12;94.30218703505562;488.36;4;1;110;24.26;498.636;474.965;154;37;89;104, 87, 91;110;110;646.8096;7276.608;60995.559875269515;6468.0960000000005;651.966538137696;651.966538137696;0.0;0.0;NULL;NULL;parcelle_90: 646.8096; parcelle_89: 5.15693813769596; parcelle_88: 0.0; parcelle_78: 0.0; parcelle_74: 0.0;NULL;NULL;NULL;line_125: 0.0; parcelle_88: 0.16141761742710728; parcelle_78: 0.018070171436056427; parcelle_74: 9.889095276451442e-05;NULL;1.0;0.08;0.08;0;0;110.0;6468.0960000000005;651.966538137696;651.966538137696;0.0;0;0
91;91;22905.55;224.1118712852987;462.85;5;2;110;9.94;474.965;451.852;278;68;90, 87, 104, 26, 60, 59, 38;94, 37;110;110;1825.5723349999998;20614.995;409132.4321635222;11452.775;2782.445672477;2782.445672477;0.0;0.0;NULL;NULL;parcelle_91: 1825.5723349999998; parcelle_26: 250.45943215999998; parcelle_60: 706.4139053170001;NULL;NULL;NULL;;NULL;0.06523808287849588;0.00519947520541612;0.0797;0;2;110.0;11452.775;2782.445672477;2782.445672477;0.0;0;2
92;92;18362.04;119.87436191924706;483.63;3;2;110;13.33;491.606;475.054;179;43;35;93, 106, 135, 59;110;110;3657.718368;16525.836000000003;438466.6554443097;9181.02;3985.654347504;3985.654347504;0.0;0.0;NULL;NULL;parcelle_92: 3657.718368; parcelle_35: 327.93597950400004;NULL;NULL;NULL;;NULL;0.9944809915250462;0.19810061351178918;0.1992;0;3;110.0;9181.02;3985.654347504;3985.654347504;0.0;0;3
93;93;893.11;32.51121406735483;467.55;1;3;700;10.86;470.873;466.84;238;59;92;135, 95, 59;700;700;0.0;0.0;0.0;0.0;0.0;0.0;0.0;0.0;NULL;NULL;parcelle_93: 0.0;NULL;NULL;NULL;;NULL;0.0;0.0;0.0;0;0;700.0;0.0;0.0;0.0;0.0;0;0
94;94;4014.87;55.08667665562989;450.69;5;2;100;8.57;451.623;446.677;367;91;59, 91, 95, 37, 96;10, 97, 45;100;100;533.1747359999999;2810.4089999999997;29370.824282982823;1405.2044999999998;7305.4752060212495;7305.4752060212495;0.0;0.0;NULL;NULL;parcelle_94: 533.1747359999999; parcelle_59: 2328.9456975108; parcelle_93: 0.0; parcelle_95: 365.83974087751875; parcelle_37: 445.37831207999994; parcelle_96: 1.5747450800790324; parcelle_85: 36.35373803038317; parcelle_80: 9.59459796318424; parcelle_84: 0.0; parcelle_60: 1071.9482630000002; parcelle_38: 260.4430565825763; parcelle_26: 399.6473303880854; parcelle_25: 27.00265350862249; parcelle_91: 1825.5723349999998;NULL;NULL;NULL;line_378: 0.0; line_155: 0.0; line_261: 0.0; line_144: 0.0; line_372: 0.0; line_241: 0.0; line_324: 0.0; line_369: 4.978054689244905; line_346: 0.0; line_310: 0.0; line_251: 0.0; line_365: 0.0; line_189: 0.0; line_385: 0.0; line_10: 0.0;NULL;0.06523808287849586;0.00866361740626425;0.1328;0;5;100.0;1405.2044999999998;7305.4752060212495;7305.4752060212495;0.0;0;5
95;95;3886.21;63.86282939915522;458.09;4;1;100;14.24;461.91;452.088;295;74;93, 59;135, 94, 96;100;100;518.031793;3497.589;33082.97601969749;3108.9680000000003;770.5895192920209;770.5895192920209;0.0;0.0;NULL;NULL;parcelle_95: 518.031793; parcelle_93: 0.0; parcelle_59: 252.55772629202102;NULL;NULL;NULL;line_155: 0.0;NULL;0.21150330339264434;0.028193390342239492;0.1333;0;0;100.0;3108.9680000000003;770.5895192920209;770.5895192920209;0.0;0;0
96;96;1989.22;44.271991436624944;456.13;4;1;100;8.9;457.912;453.966;322;80;95, 135;10, 94;100;100;105.42866;1392.454;4667.536732694843;1193.532;253.38184770406804;253.38184770406804;0.0;0.0;NULL;NULL;parcelle_96: 105.42866; parcelle_95: 99.462104256; parcelle_93: 0.0; parcelle_59: 48.49108344806804;NULL;NULL;NULL;line_155: 0.0;NULL;0.33095144800469994;0.017540426744249098;0.053;0;0;100.0;1193.532;253.38184770406804;253.38184770406804;0.0;0;0
97;97;5171.15;63.097580912989294;443.98;5;2;101;11.12;452.325;444.392;407;100;37, 53, 94;27, 134, 45;101;101;535.73114;3619.8049999999994;33803.33895375799;1809.9024999999997;2252.5178134149937;2252.5178134149937;0.0;0.0;NULL;NULL;parcelle_97: 535.73114; parcelle_94: 125.29606295999997; parcelle_59: 547.302238915038; parcelle_93: 0.0; parcelle_95: 85.97233910621691; parcelle_37: 104.66390333879998; parcelle_96: 0.3700650938185726; parcelle_85: 8.543128437140044; parcelle_80: 2.2547305213482964; parcelle_84: 0.0; parcelle_60: 251.90784180500003; parcelle_38: 61.20411829690542; parcelle_26: 93.91712264120005; parcelle_25: 6.345623574526285; parcelle_91: 429.00949872499996;NULL;NULL;NULL;line_378: 0.0; line_155: 0.0; line_261: 0.0; line_144: 0.0; line_372: 0.0; line_241: 0.0; line_324: 0.0; line_369: 1.1698428519725526; line_346: 0.0; line_310: 0.0; line_251: 0.0; line_365: 0.0; line_189: 0.0; line_385: 0.0; line_10: 0.0;NULL;0.240165820898176;0.024881179045051036;0.1036;0;1;101.0;1809.9024999999997;2252.5178134149937;2252.5178134149937;0.0;0;1
98;98;25015.94;110.06449543435546;493.02;7;1;100;26.14;508.574;479.634;132;31;78, 74, 88, 89;NULL;100;100;6751.802205999999;22514.345999999998;743133.7030759581;20012.752;6852.310320688;6852.310320688;0.0;0.0;NULL;NULL;parcelle_98: 6751.802205999999; parcelle_78: 0.0; parcelle_74: 0.0; parcelle_88: 0.0; parcelle_89: 100.508114688;NULL;NULL;NULL;parcelle_78: 44.66340752494373; parcelle_74: 326.5614001956737; parcelle_88: 25.994296036548;NULL;0.5905;0.15937595;0.2699;0;4;100.0;20012.752;6852.310320688;6852.310320688;0.0;0;4
99;99;708.76;12.358955580177934;469.38;3;3;500;1.11;469.602;469.462;228;55;58;NULL;500;500;11.127531999999999;0.0;137.5246737050085;0.0;1089.409469728858;0.0;0.0;1089.409469728858;NULL;NULL;parcelle_99: 0.0; parcelle_58: 0.0; parcelle_32: 0.0; parcelle_21: 0.0; parcelle_44: 0.0; parcelle_33: 0.0;NULL;NULL;NULL;parcelle_99: 1089.409469728858; line_326: 0.0; line_165: 0.0; line_421: 0.0; line_419: 0.0;NULL;0.0;0.0;0.0157;100;1;500.0;0.0;1089.409469728858;0.0;1089.409469728858;100;1
100;100;5867.23;107.2561325420095;483.0;5;3;500;21.3;496.628;472.105;185;44;21, 32, 58;NULL;500;500;226.475078;0.0;24290.84098342994;0.0;1105.4881122397944;0.0;0.0;1105.4881122397944;NULL;NULL;parcelle_100: 0.0; parcelle_21: 0.0; parcelle_44: 0.0; parcelle_32: 0.0; parcelle_58: 0.0; parcelle_33: 0.0;NULL;NULL;NULL;parcelle_100: 1105.4881122397944; line_421: 0.0; line_26: 0.0; line_165: 0.0; line_326: 0.0; line_419: 0.0;NULL;0.0;0.0;0.0386;100;1;500.0;0.0;1105.4881122397944;0.0;1105.4881122397944;100;1
101;101;6139.26;90.8337859886021;473.96;3;2;100;20.59;482.538;463.492;211;50;58, 57;NULL;100;100;2038.2343200000003;5525.334000000001;185140.54001750395;3069.63;4428.157719294559;4428.157719294559;0.0;0.0;NULL;NULL;parcelle_101: 2038.2343200000003; parcelle_58: 2382.9687842400003; parcelle_32: 3.8157699412235875; parcelle_21: 0.15335458271736582; parcelle_44: 0.014471641154251032; parcelle_33: 2.971018889462735;NULL;NULL;NULL;line_326: 0.0; line_165: 0.0; line_421: 0.0; line_419: 0.0;NULL;0.5499999999999999;0.1826;0.332;0;3;100.0;3069.63;4428.157719294559;4428.157719294559;0.0;0;3
102;102;9346.4;73.59799731353404;452.69;5;3;500;6.83;450.064;444.949;335;83;57, 41, 62, 64;NULL;500;500;146.73847999999998;0.0;10799.658256832066;0.0;4642.7781106559305;0.0;0.0;4642.7781106559305;NULL;NULL;parcelle_102: 0.0; parcelle_57: 0.0; parcelle_33: 0.0; parcelle_32: 0.0; parcelle_21: 0.0; parcelle_44: 0.0; parcelle_58: 0.0; parcelle_41: 0.0; parcelle_63: 0.0;NULL;NULL;NULL;parcelle_102: 4642.7781106559305; line_281: 0.0; line_292: 0.0; line_165: 0.0; line_421: 0.0; line_326: 0.0; line_419: 0.0; line_206: 0.0; line_163: 0.0;NULL;0.0;0.0;0.0157;100;3;500.0;0.0;4642.7781106559305;0.0;4642.7781106559305;100;3
103;103;6513.91;54.778603569767085;475.06;4;1;110;25.68;481.819;466.793;207;49;105, 104;43, 68, 69;110;110;1055.25342;5862.519;57805.308759820924;6513.91;1055.25342;1055.25342;0.0;0.0;NULL;NULL;parcelle_103: 1055.25342; parcelle_105: 0.0; parcelle_89: 0.0; parcelle_88: 0.0; parcelle_78: 0.0; parcelle_74: 0.0;NULL;NULL;NULL;line_11: 0.0; parcelle_105: 407.1542139519542; parcelle_88: 9.214863286927024; parcelle_78: 1.031573641147243; parcelle_74: 0.00564539747621084;NULL;0.712;0.115344;0.162;0;1;110.0;6513.91;1055.25342;1055.25342;0.0;0;1
104;104;9598.73;97.99918237607513;479.67;4;1;110;18.06;490.365;471.486;187;45;89, 105, 90;103, 7, 91, 26, 25;110;110;767.8984;8638.857;75253.4153478963;7678.984;810.7415327305368;810.7415327305368;0.0;0.0;NULL;NULL;parcelle_104: 767.8984; parcelle_89: 42.84313273053679; parcelle_88: 0.0; parcelle_78: 0.0; parcelle_74: 0.0; parcelle_105: 0.0;NULL;NULL;NULL;line_395: 0.0; parcelle_88: 0.1954716832532114; parcelle_78: 0.021882412115735248; parcelle_74: 0.00011975384907488572; line_253: 0.0; parcelle_105: 8.636820435278254;NULL;0.9999999999999999;0.08;0.08;0;1;110.0;7678.984;810.7415327305368;810.7415327305368;0.0;0;1
105;105;3339.46;43.384290785685295;488.91;4;3;200;27.37;493.707;481.819;126;30;89;103, 104;200;200;258.14025799999996;0.0;11199.232016563823;0.0;612.3503073439999;0.0;0.0;612.3503073439999;NULL;NULL;parcelle_105: 0.0; parcelle_89: 0.0; parcelle_88: 0.0; parcelle_78: 0.0; parcelle_74: 0.0;NULL;NULL;NULL;parcelle_105: 612.3503073439999; parcelle_88: 13.858936423899; parcelle_78: 1.5514623564206178; parcelle_74: 0.008490544273341805;NULL;0.0;0.0;0.0773;100;0;200.0;0.0;612.3503073439999;0.0;612.3503073439999;100;0
106;106;8993.91;83.4392739811247;478.25;4;1;110;14.94;487.75;475.013;197;47;35, 13, 92;107, 135;110;110;719.5128;8094.519;60035.625652126175;7195.128000000001;1347.3070159050894;1347.3070159050894;0.0;0.0;NULL;NULL;parcelle_106: 719.5128; parcelle_35: 414.31342639340926; parcelle_13: 207.28102608; parcelle_36: 6.199763431679999;NULL;NULL;NULL;;NULL;0.9954764679930392;0.07963811743944314;0.08;0;1;110.0;7195.128000000001;1347.3070159050894;1347.3070159050894;0.0;0;1
107;107;7514.23;92.94083124348758;471.47;1;2;100;17.07;479.217;463.337;222;53;13, 106, 12;135;100;100;2494.72436;6762.807;231861.75574177757;3757.115;3347.035960968164;3347.035960968164;0.0;0.0;NULL;NULL;parcelle_107: 2494.72436; parcelle_13: 557.3019083787201; parcelle_35: 169.25850653033473; parcelle_36: 16.668867659109118; parcelle_12: 109.08231840000002;NULL;NULL;NULL;;NULL;0.9954764679930391;0.330498187373689;0.332;0;2;100.0;3757.115;3347.035960968164;3347.035960968164;0.0;0;2
108;108;16916.79;177.41525236373903;443.42;5;2;100;10.73;453.005;433.773;413;102;112, 109, 111, 110, 113, 137;128, 126;100;100;5616.374280000001;15225.111;996430.4602554132;8458.395;13191.019916496876;13191.019916496876;0.0;0.0;NULL;NULL;parcelle_108: 5616.374280000001; parcelle_112: 2496.033905826103; parcelle_36: 49.944003219640564; parcelle_35: 210.88697505476296; parcelle_13: 622.0238273637115; parcelle_12: 522.1502060227098; parcelle_109: 959.2163100408152; parcelle_111: 1519.4517738767263; parcelle_110: 872.5287065405108; parcelle_113: 287.0873414425456; parcelle_23: 0.0; parcelle_137: 35.32258710934686;NULL;NULL;NULL;line_212: 0.0; line_278: 6.107574474493737; line_67: 2.3003244748918403; line_371: 18.37660710044801; line_100: 0.0; parcelle_23: 2.833420724534213; line_53: 0.0;NULL;0.29811994157323085;0.09897582060231265;0.332;0;8;100.0;8458.395;13191.019916496876;13191.019916496876;0.0;0;8
109;109;7115.55;82.42489031079445;464.27;1;2;100;19.54;475.34;459.058;267;66;12;135, 137, 108, 110;100;100;2362.3626000000004;6403.995;194717.47817932323;3557.775;3746.6869552031735;3746.6869552031735;0.0;0.0;NULL;NULL;parcelle_109: 2362.3626000000004; parcelle_12: 694.1602080000001; parcelle_13: 517.5116284464; parcelle_35: 157.17377605567842; parcelle_36: 15.478742701094399;NULL;NULL;NULL;;NULL;0.7047665516480396;0.23398249514714917;0.3320000000000001;0;2;100.0;3557.775;3746.6869552031735;3746.6869552031735;0.0;0;2
110;110;2631.48;64.89869623211347;461.75;1;2;100;24.76;469.723;452.239;287;71;12, 109, 111;108;100;100;873.6513600000001;2368.332;56698.83422541281;1315.74;3513.515730245018;3513.515730245018;0.0;0.0;NULL;NULL;parcelle_110: 873.6513600000001; parcelle_12: 312.82399630277445; parcelle_13: 300.0830932358296; parcelle_35: 97.4506221721019; parcelle_36: 17.978853289551267; parcelle_109: 474.8348826000001; parcelle_111: 719.614032236; parcelle_112: 717.0788904087601;NULL;NULL;NULL;;NULL;0.29773685353711776;0.0988486353743231;0.332;0;2;100.0;1315.74;3513.515730245018;3513.515730245018;0.0;0;2
111;111;2281.96;38.06720020894633;462.64;1;2;100;25.21;469.687;456.868;284;70;12, 112;108, 110;100;100;1521.382732;2053.764;57914.781053477745;1140.98;3477.955317442311;3477.955317442311;0.0;0.0;NULL;NULL;parcelle_111: 1521.382732; parcelle_12: 110.13788265280002; parcelle_13: 223.47586193933026; parcelle_35: 81.21702520342635; parcelle_36: 25.71879152675369; parcelle_112: 1516.0230241200004;NULL;NULL;NULL;;NULL;0.2977415639889566;0.19850430071143738;0.6667;0;2;100.0;1140.98;3477.955317442311;3477.955317442311;0.0;0;2
112;112;13391.01;127.16699999127813;466.91;5;2;100;17.93;480.62;457.617;247;61;36, 13, 12;23, 108, 113, 111;100;100;4445.815320000001;12051.909;565360.9967596643;6695.505;5177.137783019037;5177.137783019037;0.0;0.0;NULL;NULL;parcelle_112: 4445.815320000001; parcelle_36: 69.15322835199744; parcelle_35: 174.52221459439826; parcelle_13: 445.77703927264; parcelle_12: 41.86998080000001;NULL;NULL;NULL;;NULL;0.5625465325844416;0.18676544881803467;0.332;0;3;100.0;6695.505;5177.137783019037;5177.137783019037;0.0;0;3
113;113;8049.43;76.06553555449668;456.78;5;2;100;7.84;457.617;450.002;312;78;112, 23;108, 114;100;100;1068.964304;5634.601;81311.3422723998;2817.3005;3792.1387778680137;3792.1387778680137;0.0;0.0;NULL;NULL;parcelle_113: 1068.964304; parcelle_112: 2338.4988583200006; parcelle_36: 36.374598113150654; parcelle_35: 91.7986848766535; parcelle_13: 234.47872265740867; parcelle_12: 22.023609900800004; parcelle_23: 0.0;NULL;NULL;NULL;parcelle_23: 13.187735819009653;NULL;0.7552887055552902;0.10030234009774254;0.1328;0;2;100.0;2817.3005;3792.1387778680137;3792.1387778680137;0.0;0;2
114;114;7091.88;146.74013341040293;454.01;5;2;110;13.86;464.606;444.115;325;81;23, 113;115, 126, 123;110;110;1412.7024959999999;6382.692;207300.1527322492;3545.94;2489.669908914516;2489.669908914516;0.0;0.0;NULL;NULL;parcelle_114: 1412.7024959999999; parcelle_23: 0.0; parcelle_112: 664.1336757628801; parcelle_36: 10.330385864134785; parcelle_35: 26.07082650496959; parcelle_13: 66.59195723470405; parcelle_12: 6.254705211827201; parcelle_113: 303.585862336;NULL;NULL;NULL;parcelle_23: 26.770390862004785;NULL;0.999676727636852;0.1991356041452609;0.1992;0;2;110.0;3545.94;2489.669908914516;2489.669908914516;0.0;0;2
115;115;10403.43;97.55002646430523;452.46;5;2;110;11.15;463.696;449.615;337;84;23, 6, 114;116, 122;110;110;2072.363256;9363.087000000001;202159.09046645378;5201.715;2072.363256;2072.363256;0.0;0.0;NULL;NULL;parcelle_115: 2072.363256; parcelle_23: 0.0; parcelle_112: 0.0; parcelle_36: 0.0; parcelle_35: 0.0; parcelle_13: 0.0; parcelle_12: 0.0; parcelle_6: 0.0;NULL;NULL;NULL;parcelle_23: 30.76777180139281; parcelle_6: 4.779068;NULL;0.9987595064477612;0.19895289368439403;0.19920000000000002;0;1;110.0;5201.715;2072.363256;2072.363256;0.0;0;1
116;116;4947.99;38.69336850136391;449.0;5;2;110;11.41;455.594;449.229;376;93;6, 115;28, 120, 121;110;110;985.639608;4453.191;38137.71656188387;2473.995;985.639608;985.639608;0.0;0.0;NULL;NULL;parcelle_116: 985.639608; parcelle_6: 0.0; parcelle_23: 0.0; parcelle_112: 0.0; parcelle_36: 0.0; parcelle_35: 0.0; parcelle_13: 0.0; parcelle_12: 0.0;NULL;NULL;NULL;parcelle_6: 3.2936819999999996; parcelle_23: 4.304476971324751;NULL;0.9997582659542089;0.1991518465780784;0.1992;0;1;110.0;2473.995;985.639608;985.639608;0.0;0;1
117;117;6070.43;50.93086359776715;433.66;3;2;100;6.19;436.077;432.441;474;120;22, 118;119;100;100;806.1531040000001;4249.301;41058.0737787406;2124.6505;2520.10685859464;2520.10685859464;0.0;0.0;NULL;NULL;parcelle_117: 806.1531040000001; parcelle_118: 0.0; parcelle_22: 1713.95375459464;NULL;NULL;NULL;line_57: 0.0;NULL;1.0;0.1328;0.1328;0;2;100.0;2124.6505;2520.10685859464;2520.10685859464;0.0;0;2
118;118;956.76;28.37111219210506;436.77;3;3;700;7.99;437.774;435.488;457;115;28, 22;120, 119, 117;700;700;0.0;0.0;0.0;0.0;353.26742532000003;353.26742532000003;0.0;0.0;NULL;NULL;parcelle_118: 0.0; parcelle_22: 353.26742532000003;NULL;NULL;NULL;;NULL;0.0;0.0;0.0;0;0;700.0;0.0;353.26742532000003;353.26742532000003;0.0;0;0
119;119;11577.42;73.50616476392209;427.57;3;2;100;10.53;435.488;427.749;499;129;118, 117, 120, 124;50;100;100;3843.7034400000002;10419.678;282535.89836429415;5788.71;9910.686998216248;9910.686998216248;0.0;0.0;NULL;NULL;parcelle_119: 3843.7034400000002; parcelle_118: 0.0; parcelle_22: 1966.2701804310716; parcelle_117: 806.1531040000001; parcelle_120: 275.9824316872; parcelle_121: 0.0; parcelle_28: 255.35977389479558; parcelle_116: 589.3013941437822; parcelle_6: 0.0; parcelle_23: 0.0; parcelle_112: 273.55018304854093; parcelle_36: 4.2549851742574045; parcelle_35: 10.738319141051134; parcelle_13: 27.428577643181818; parcelle_12: 2.576252067996134; parcelle_113: 112.38561128420987; parcelle_114: 219.89230052392108; parcelle_115: 1237.80184917624; parcelle_124: 285.288596;NULL;NULL;NULL;line_57: 0.0; line_162: 0.0; line_249: 0.0; line_193: 0.0; parcelle_6: 0.22178722547109891; parcelle_23: 0.28985129850858576; line_290: 0.0; line_272: 0.0; line_3: 0.0; line_186: 0.0; line_348: 0.0; line_100: 37.66244243768451; line_212: 0.529812080192301; line_211: 0.0; line_381: 0.0; line_323: 0.0;NULL;1.0;0.332;0.332;0;6;100.0;5788.71;9910.686998216248;9910.686998216248;0.0;0;6
120;120;3479.35;91.75167194500649;433.07;6;2;100;9.86;438.579;429.231;482;123;116, 28, 121, 118;124, 119;100;100;462.05768;2435.5449999999996;42394.564675030786;1217.7724999999998;5111.6883300956115;5111.6883300956115;0.0;0.0;NULL;NULL;parcelle_120: 462.05768; parcelle_121: 0.0; parcelle_118: 0.0; parcelle_22: 73.47962446656; parcelle_28: 427.530636533; parcelle_116: 986.6252476079999; parcelle_6: 0.0; parcelle_23: 0.0; parcelle_112: 457.9855397688575; parcelle_36: 7.123817867798565; parcelle_35: 17.978401012993913; parcelle_13: 45.921709124850274; parcelle_12: 4.313234890917534; parcelle_113: 188.15920454755624; parcelle_114: 368.14997827507756; parcelle_115: 2072.363256;NULL;NULL;NULL;line_162: 0.0; line_249: 0.0; line_193: 0.0; parcelle_6: 0.371322515814929; parcelle_23: 0.4852773334704846; line_290: 0.0; line_272: 0.0; line_3: 0.0; line_186: 0.0; line_348: 0.0; line_100: 63.05553824387569; line_212: 0.8870265368452527; line_211: 0.0; line_381: 0.0; line_323: 0.0;NULL;0.9987595064477612;0.1326352624562627;0.1328;0;3;100.0;1217.7724999999998;5111.6883300956115;5111.6883300956115;0.0;0;3
121;121;815.55;23.490367446450836;437.29;6;3;700;11.3;438.197;435.514;446;112;116;120, 122, 124;700;700;0.0;0.0;0.0;0.0;0.0;0.0;0.0;0.0;NULL;NULL;parcelle_121: 0.0;NULL;NULL;NULL;;NULL;0.0;0.0;0.0;0;0;700.0;0.0;0.0;0.0;0.0;0;0
122;122;3335.88;60.78678401702962;437.18;6;2;100;11.84;440.4;433.119;450;113;115, 121;125, 123, 124;100;100;1107.51216;3002.2920000000004;67322.10246615394;1667.94;1107.51216;1107.51216;0.0;0.0;NULL;NULL;parcelle_122: 1107.51216; parcelle_121: 0.0;NULL;NULL;NULL;;NULL;0.9774536787209668;0.32451462133536096;0.33199999999999996;0;1;100.0;1667.94;1107.51216;1107.51216;0.0;0;1
123;123;3675.68;49.635172854518515;437.18;6;2;100;12.11;444.115;437.067;454;114;114, 122;126, 125;100;100;1220.32576;3308.112;60571.08003642168;1837.84;1220.32576;1220.32576;0.0;0.0;NULL;NULL;parcelle_123: 1220.32576;NULL;NULL;NULL;;NULL;0.461;0.15305200000000002;0.332;0;1;100.0;1837.84;1220.32576;1220.32576;0.0;0;1
124;124;9340.25;137.03486819438118;428.35;6;2;100;6.79;435.514;425.788;484;124;121, 122, 120;50, 119, 125;100;100;1240.3852;6538.174999999999;169976.02239226113;3269.0874999999996;3913.798196640005;3913.798196640005;0.0;0.0;NULL;NULL;parcelle_124: 1240.3852; parcelle_121: 0.0; parcelle_120: 241.65616664; parcelle_118: 0.0; parcelle_22: 38.42984359601088; parcelle_28: 223.598522906759; parcelle_116: 516.0050044989839; parcelle_6: 0.0; parcelle_23: 0.0; parcelle_112: 239.52643729911247; parcelle_36: 3.72575674485865; parcelle_35: 9.402703729795817; parcelle_13: 24.017053872296696; parcelle_12: 2.2558218479498704; parcelle_113: 98.40726397837192; parcelle_114: 192.54243863786556; parcelle_115: 1083.845982888;NULL;NULL;NULL;line_162: 0.0; line_249: 0.0; line_193: 0.0; parcelle_6: 0.19420167577120787; parcelle_23: 0.25380004540506346; line_290: 0.0; line_272: 0.0; line_3: 0.0; line_186: 0.0; line_348: 0.0; line_100: 32.978046501546984; line_212: 0.46391487877006715; line_211: 0.0; line_381: 0.0; line_323: 0.0;NULL;0.9976281194029852;0.13248501425671644;0.1328;0;3;100.0;3269.0874999999996;3913.798196640005;3913.798196640005;0.0;0;3
125;125;7858.72;86.57021939736951;428.11;6;2;100;8.17;433.119;425.193;498;128;122, 123, 126, 124;50;100;100;1043.638016;5501.104;90347.97201655545;2750.552;1043.638016;1043.638016;0.0;0.0;NULL;NULL;parcelle_125: 1043.638016;NULL;NULL;NULL;;NULL;0.9995957688359188;0.13274631810141005;0.1328;0;1;100.0;2750.552;1043.638016;1043.638016;0.0;0;1
126;126;11134.28;173.76301227018675;432.29;5;3;300;12.64;445.533;422.428;489;125;114, 108, 123, 128;125, 127, 20;300;300;429.78320800000006;0.0;74680.42484522423;0.0;10000.830497664314;0.0;0.0;10000.830497664314;NULL;NULL;parcelle_126: 0.0; parcelle_108: 0.0; parcelle_112: 0.0; parcelle_36: 0.0; parcelle_35: 0.0; parcelle_13: 0.0; parcelle_12: 0.0; parcelle_109: 0.0; parcelle_111: 0.0; parcelle_110: 0.0; parcelle_113: 0.0; parcelle_23: 0.0; parcelle_137: 0.0; parcelle_123: 0.0; parcelle_128: 0.0;NULL;NULL;NULL;parcelle_126: 10000.830497664314; line_212: 0.0; line_278: 0.03439211319723064; line_67: 0.012953263208042676; line_371: 0.10347976176451426; line_100: 0.0; parcelle_23: 0.015955159728385866; line_53: 0.0; line_80: 0.0; line_354: 0.0;NULL;0.0;0.0;0.0386;100;6;300.0;0.0;10000.830497664314;0.0;10000.830497664314;100;6
127;127;4953.27;86.3582438313257;419.01;6;2;100;12.65;425.234;413.844;540;142;128, 126;NULL;100;100;1644.4856400000003;4457.943;142014.8918762337;2476.635;1644.4856400000003;1644.4856400000003;0.0;0.0;NULL;NULL;parcelle_127: 1644.4856400000003; parcelle_126: 0.0; parcelle_108: 0.0; parcelle_112: 0.0; parcelle_36: 0.0; parcelle_35: 0.0; parcelle_13: 0.0; parcelle_12: 0.0; parcelle_109: 0.0; parcelle_111: 0.0; parcelle_110: 0.0; parcelle_113: 0.0; parcelle_23: 0.0; parcelle_137: 0.0; parcelle_123: 0.0; parcelle_128: 0.0;NULL;NULL;NULL;line_305: 0.0; parcelle_126: 203.32322675250526; line_212: 0.0; line_278: 0.000699213473494176; line_67: 0.00026334805624881284; line_371: 0.0021038091856926677; line_100: 0.0; parcelle_23: 0.0003243785163726838; line_53: 0.0; line_80: 0.0; line_354: 0.0;NULL;0.55;0.1826;0.332;0;1;100.0;2476.635;1644.4856400000003;1644.4856400000003;0.0;0;1
128;128;12066.92;66.53820677171527;433.65;6;2;110;11.04;439.654;430.792;476;121;137, 108;127, 126, 129;110;110;2403.7304639999998;10860.228000000001;159939.91463710307;6033.46;5464.173834983365;5464.173834983365;0.0;0.0;NULL;NULL;parcelle_128: 2403.7304639999998; parcelle_108: 1303.05279978322; parcelle_112: 579.1038501338178; parcelle_36: 11.587488650726957; parcelle_35: 48.92780459120736; parcelle_13: 144.31550487375256; parcelle_12: 121.14386505332351; parcelle_109: 222.54740088233814; parcelle_111: 352.52741170334684; parcelle_110: 202.43504390324284; parcelle_113: 66.60702179004892; parcelle_23: 0.0; parcelle_137: 8.195179618339306;NULL;NULL;NULL;line_354: 0.0; line_212: 0.0; line_278: 1.1336127718145723; line_67: 0.4269579052936875; line_371: 3.4108395400963167; line_100: 0.0; parcelle_23: 0.5259046671751522; line_53: 0.0;NULL;0.9295458541397372;0.18516553414463563;0.1992;0;3;110.0;6033.46;5464.173834983365;5464.173834983365;0.0;0;3
129;129;8390.6;62.31321491532197;425.25;6;2;100;12.91;430.231;418.114;511;133;46, 128;NULL;100;100;2785.6792000000005;7551.540000000001;173584.6266747422;4195.3;2785.6792000000005;2785.6792000000005;0.0;0.0;NULL;NULL;parcelle_129: 2785.6792000000005;NULL;NULL;NULL;;NULL;0.5499999999999999;0.18259999999999998;0.332;0;2;100.0;4195.3;2785.6792000000005;2785.6792000000005;0.0;0;2
130;130;8253.75;98.51910546018941;426.4;3;3;300;9.4;433.467;423.25;509;132;141, 17;NULL;300;300;129.58387499999998;0.0;12766.487447065;0.0;3725.1758578650797;0.0;0.0;3725.1758578650797;NULL;NULL;parcelle_130: 0.0; parcelle_141: 0.0; parcelle_39: 0.0; parcelle_138: 0.0; parcelle_140: 0.0; parcelle_139: 0.0; parcelle_64: 0.0; parcelle_17: 0.0; parcelle_24: 0.0; parcelle_15: 0.0; parcelle_40: 0.0; parcelle_47: 0.0; parcelle_62: 0.0; parcelle_63: 0.0; parcelle_21: 0.0; parcelle_44: 0.0; parcelle_32: 0.0; parcelle_33: 0.0; parcelle_57: 0.0; parcelle_58: 0.0; parcelle_41: 0.0;NULL;NULL;NULL;parcelle_130: 3725.1758578650797; line_19: 54.982241157378084; line_107: 0.9654806719252728; line_424: 1.2171480794129514; line_338: 27.04056267039434; line_83: 0.0; line_410: 0.0; line_307: 0.0; line_225: 0.0; line_350: 0.0; line_294: 102.01636528615187; line_386: 261.46339335560504; line_429: 0.0; line_363: 0.0; line_113: 0.0; line_317: 0.0; line_206: 191.46423365136144; line_163: 28.601821474928926; line_292: 8.877389503773072; line_419: 9.467274061021083; line_326: 23.09117973855534; line_26: 0.17885196330809514; line_165: 2.946565339918497; line_47: 0.0; line_421: 0.0;NULL;0.0;0.0;0.0157;100;2;300.0;0.0;3725.1758578650797;0.0;3725.1758578650797;100;2
131;131;3224.51;66.01010269502567;430.74;3;3;300;8.66;434.272;428.509;493;126;141;NULL;300;300;50.624807;0.0;3341.748708985854;0.0;1342.1702116852093;0.0;0.0;1342.1702116852093;NULL;NULL;parcelle_131: 0.0; parcelle_141: 0.0; parcelle_39: 0.0; parcelle_138: 0.0; parcelle_140: 0.0; parcelle_139: 0.0; parcelle_64: 0.0;NULL;NULL;NULL;parcelle_131: 1342.1702116852093; line_294: 0.0; line_107: 0.0; line_424: 0.0;NULL;0.0;0.0;0.0157;100;1;300.0;0.0;1342.1702116852093;0.0;1342.1702116852093;100;1
132;132;6119.02;26.52369883112715;434.89;0;3;300;9.1;436.206;433.774;465;117;139;NULL;300;300;96.068614;0.0;2548.094984859805;0.0;5463.20928776926;0.0;0.0;5463.20928776926;NULL;NULL;parcelle_132: 0.0; parcelle_139: 0.0; parcelle_138: 0.0; parcelle_64: 0.0; parcelle_39: 0.0;NULL;NULL;NULL;parcelle_132: 5463.20928776926; line_386: 0.0; line_107: 0.0; line_424: 0.0;NULL;0.0;0.0;0.0157;100;3;300.0;0.0;5463.20928776926;0.0;5463.20928776926;100;3
133;133;3986.14;54.07289149819412;433.2;0;3;300;8.81;438.543;433.774;480;122;53, 134;NULL;300;300;62.58239799999999;0.0;3384.0112167508;0.0;1876.3436591534298;0.0;0.0;1876.3436591534298;NULL;NULL;parcelle_133: 0.0; parcelle_134: 0.0; parcelle_97: 0.0; parcelle_94: 0.0; parcelle_59: 0.0; parcelle_93: 0.0; parcelle_95: 0.0; parcelle_37: 0.0; parcelle_96: 0.0; parcelle_85: 0.0; parcelle_80: 0.0; parcelle_84: 0.0; parcelle_60: 0.0; parcelle_38: 0.0; parcelle_26: 0.0; parcelle_25: 0.0; parcelle_91: 0.0;NULL;NULL;NULL;parcelle_133: 1876.3436591534298; line_378: 0.0; line_155: 0.0; line_261: 0.0; line_144: 0.0; line_372: 0.0; line_241: 0.0; line_324: 0.0; line_369: 0.5736488202646687; line_346: 0.0; line_310: 0.0; line_251: 0.0; line_365: 0.0; line_189: 0.0; line_385: 0.0; line_10: 0.0;NULL;0.0;0.0;0.0157;100;1;300.0;0.0;1876.3436591534298;0.0;1876.3436591534298;100;1
134;134;8110.94;71.11706106707;437.98;5;2;101;15.51;447.475;434.94;443;111;53, 97;27, 133;101;101;840.293384;5677.657999999999;59759.195904182896;2838.8289999999997;2149.006233594111;2149.006233594111;0.0;0.0;NULL;NULL;parcelle_134: 840.293384; parcelle_97: 311.25979234; parcelle_94: 72.79701257975998; parcelle_59: 317.982600809637; parcelle_93: 0.0; parcelle_95: 49.94992902071202; parcelle_37: 60.809727839842786; parcelle_96: 0.21500781950859066; parcelle_85: 4.9635576219783655; parcelle_80: 1.30999843290336; parcelle_84: 0.0; parcelle_60: 146.358456088705; parcelle_38: 35.55959273050205; parcelle_26: 54.56584825453723; parcelle_25: 3.6868072967997714; parcelle_91: 249.25451875922496;NULL;NULL;NULL;line_378: 0.0; line_155: 0.0; line_261: 0.0; line_144: 0.0; line_372: 0.0; line_241: 0.0; line_324: 0.0; line_369: 0.679678696996053; line_346: 0.0; line_310: 0.0; line_251: 0.0; line_365: 0.0; line_189: 0.0; line_385: 0.0; line_10: 0.0;NULL;0.11622352068376123;0.012040756742837663;0.1036;0;1;101.0;2838.8289999999997;2149.006233594111;2149.006233594111;0.0;0;1
135;135;16099.84;151.23044543437547;456.7;4;1;100;7.42;463.891;451.995;315;79;92, 106, 12, 107, 93, 109, 95;46, 136, 137, 10, 11, 96;100;100;853.29152;11269.887999999999;129043.6566549753;9659.904;853.29152;853.29152;0.0;0.0;NULL;NULL;parcelle_135: 853.29152;NULL;NULL;NULL;;NULL;0.9954764679930391;0.05276025280363107;0.053;0;1;100.0;9659.904;853.29152;853.29152;0.0;0;1
136;136;1611.8;28.55342553205313;442.87;6;2;110;11.84;445.49;440.384;419;104;135, 137;46;110;110;321.07055999999994;1450.62;9167.664325494594;805.9;661.3056356514976;661.3056356514976;0.0;0.0;NULL;NULL;parcelle_136: 321.07055999999994; parcelle_137: 168.318344712; parcelle_109: 108.39700790100002; parcelle_12: 31.851541144080006; parcelle_13: 23.746021071263062; parcelle_35: 7.2119187143148045; parcelle_36: 0.7102421088397164;NULL;NULL;NULL;;NULL;0.9954764679930391;0.19829891242421338;0.19919999999999996;0;0;110.0;805.9;661.3056356514976;661.3056356514976;0.0;0;0
137;137;6353.17;65.68934522239581;446.52;6;2;110;18.77;452.382;439.654;384;95;109, 135;136, 128, 108, 46;110;110;1265.551464;5717.853;83133.24701540443;3176.585;2558.1584635450945;2558.1584635450945;0.0;0.0;NULL;NULL;parcelle_137: 1265.551464; parcelle_109: 815.0150970000001; parcelle_12: 239.48527176000002; parcelle_13: 178.54151181400798; parcelle_35: 54.22495273920905; parcelle_36: 5.340166231877567;NULL;NULL;NULL;;NULL;0.9702397770089214;0.19327176358017714;0.1992;0;2;110.0;3176.585;2558.1584635450945;2558.1584635450945;0.0;0;2
138;138;7304.19;37.965394587493435;458.04;5;2;100;16.68;458.047;451.716;305;76;NULL;39, 139, 64;100;100;2424.99108;6573.771;92065.74322335185;3652.095;2424.99108;2424.99108;0.0;0.0;NULL;NULL;parcelle_138: 2424.99108;NULL;NULL;NULL;;NULL;0.009145680476417737;0.0030363659181706884;0.33199999999999996;0;2;100.0;3652.095;2424.99108;2424.99108;0.0;0;2
139;139;7219.71;71.26789826287256;442.93;5;2;100;21.18;451.716;436.206;416;103;138, 64, 39;132, 141;100;100;2396.94372;6497.7390000000005;170825.14117879132;3609.855;5524.926236546258;5524.926236546258;0.0;0.0;NULL;NULL;parcelle_139: 2396.94372; parcelle_138: 1827.9865362598262; parcelle_64: 1007.5640590064313; parcelle_39: 292.43192128000004;NULL;NULL;NULL;line_107: 0.0; line_424: 0.0;NULL;1.0566117791276828e-05;3.507951106703907e-06;0.332;0;4;100.0;3609.855;5524.926236546258;5524.926236546258;0.0;0;4
140;140;8038.57;59.433107235745624;450.03;5;2;100;7.5;450.991;444.37;371;92;39, 24;141, 15;100;100;1067.522096;5626.999;63446.15520809593;2813.4995;1410.1166116278;1410.1166116278;0.0;0.0;NULL;NULL;parcelle_140: 1067.522096; parcelle_39: 130.32292144000002; parcelle_138: 212.2715941878;NULL;NULL;NULL;;NULL;0.00040503451533227834;5.3788583636126563e-05;0.1328;0;1;100.0;2813.4995;1410.1166116278;1410.1166116278;0.0;0;1
141;141;6033.08;72.7473185974061;439.4;7;1;100;13.63;445.848;434.272;439;110;39, 140, 139, 15;130, 17, 131;100;100;804.209564;5429.772;58504.089371389055;4826.464;2793.9646506932863;2793.9646506932863;0.0;0.0;NULL;NULL;parcelle_141: 804.209564; parcelle_39: 339.88217911552005; parcelle_138: 586.0443925616119; parcelle_140: 982.12032832; parcelle_139: 57.52664928000001; parcelle_64: 24.181537416154352;NULL;NULL;NULL;line_107: 0.0; line_424: 0.0;NULL;0.00044025490796986786;5.868597923238339e-05;0.1333;0;2;100.0;4826.464;2793.9646506932863;2793.9646506932863;0.0;0;2
142;142;9957.19;56.20330137702399;424.69;4;1;100;14.31;431.649;420.979;514;134;14, 15, 17, 16;143, 144;100;100;1327.293427;8961.471000000001;74598.272493424;7965.752;6500.992367782148;6500.992367782148;0.0;0.0;NULL;NULL;parcelle_142: 1327.293427; parcelle_15: 1448.804277691; parcelle_24: 2770.7635825713596; parcelle_40: 414.07207348308543; parcelle_47: 357.00160501999994; parcelle_49: 0.0; parcelle_14: 76.52081236800001; parcelle_16: 0.0; parcelle_17: 73.29181532; parcelle_141: 9.569113718575881; parcelle_39: 4.0441837158676055; parcelle_138: 6.9732140571207974; parcelle_140: 11.686034993509672; parcelle_139: 0.6844970185021964; parcelle_64: 0.2877308251275392;NULL;NULL;NULL;line_148: 0.0; line_338: 0.0; line_107: 0.0; line_424: 0.0; line_402: 0.0; line_410: 0.0; line_75: 0.0; line_297: 0.0; line_355: 0.0; line_109: 0.0; line_242: 0.0; line_308: 0.0; line_376: 0.0;NULL;0.037;0.0049321;0.1333;0;4;100.0;7965.752;6500.992367782148;6500.992367782148;0.0;0;4
143;143;6008.26;42.026915079136316;420.17;4;3;300;4.26;420.979;419.112;535;140;142, 144;18, 19;300;300;94.32968199999999;0.0;3964.385534855933;0.0;6354.785332174208;0.0;0.0;6354.785332174208;NULL;NULL;parcelle_143: 0.0; parcelle_142: 0.0; parcelle_15: 0.0; parcelle_24: 0.0; parcelle_40: 0.0; parcelle_47: 0.0; parcelle_49: 0.0; parcelle_14: 0.0; parcelle_16: 0.0; parcelle_17: 0.0; parcelle_141: 0.0; parcelle_39: 0.0; parcelle_138: 0.0; parcelle_140: 0.0; parcelle_139: 0.0; parcelle_64: 0.0;NULL;NULL;NULL;parcelle_143: 6354.785332174208; line_148: 0.0; line_338: 0.0; line_107: 0.0; line_424: 0.0; line_402: 0.0; line_410: 0.0; line_75: 0.0; line_297: 0.0; line_355: 0.0; line_109: 0.0; line_242: 0.0; line_308: 0.0; line_376: 0.0;NULL;0.0;0.0;0.0157;100;4;300.0;0.0;6354.785332174208;0.0;6354.785332174208;100;4
144;144;3870.13;87.58631060271703;422.81;0;3;500;17.33;433.656;418.466;519;136;14, 142, 145;143, 19;500;500;149.387018;0.0;13084.257758561682;0.0;493.310229632;0.0;0.0;493.310229632;NULL;NULL;parcelle_144: 0.0; parcelle_14: 0.0;NULL;NULL;NULL;parcelle_144: 493.310229632;NULL;0.0;0.0;0.0386;100;0;500.0;0.0;493.310229632;0.0;493.310229632;100;0
145;145;2577.05;97.25220847603535;423.59;0;3;500;18.87;435.901;417.549;516;135;31, 146;19, 144;500;500;99.47413000000002;0.0;9674.078828732243;0.0;771.2827636787202;0.0;0.0;771.2827636787202;NULL;NULL;parcelle_145: 0.0; parcelle_31: 0.0; parcelle_49: 0.0;NULL;NULL;NULL;parcelle_145: 771.2827636787202;NULL;0.0;0.0;0.0386;100;0;500.0;0.0;771.2827636787202;0.0;771.2827636787202;100;0
146;146;6395.1;54.32493667145623;426.52;0;3;500;19.72;438.246;422.825;502;130;31, 30;19, 48, 147, 145;500;500;246.85086000000004;0.0;13410.15733679451;0.0;2032.1699715527043;0.0;0.0;2032.1699715527043;NULL;NULL;parcelle_146: 0.0; parcelle_31: 0.0; parcelle_49: 0.0; parcelle_30: 0.0;NULL;NULL;NULL;parcelle_146: 2032.1699715527043; line_96: 0.0;NULL;0.0;0.0;0.0386;100;1;500.0;0.0;2032.1699715527043;0.0;2032.1699715527043;100;1
147;147;1573.37;51.04178350115914;426.47;0;3;500;19.3;438.457;427.412;506;131;30, 146;48, 148;500;500;60.732082;0.0;3099.873781018644;0.0;452.6644564;0.0;0.0;452.6644564;NULL;NULL;parcelle_147: 0.0; parcelle_30: 0.0;NULL;NULL;NULL;parcelle_147: 452.6644564;NULL;0.0;0.0;0.0386;100;0;500.0;0.0;452.6644564;0.0;452.6644564;100;0
148;148;5919.88;98.07828267079806;423.24;0;3;500;21.28;438.165;417.265;525;137;30, 34, 147;29, 48, 149;500;500;228.507368;0.0;22411.610231064078;0.0;2072.89482944;0.0;0.0;2072.89482944;NULL;NULL;parcelle_148: 0.0; parcelle_30: 0.0; parcelle_34: 0.0; parcelle_49: 0.0;NULL;NULL;NULL;parcelle_148: 2072.89482944; line_140: 0.0; line_359: 0.0; line_143: 0.0;NULL;0.0;0.0;0.0386;100;1;500.0;0.0;2072.89482944;0.0;2072.89482944;100;1
149;149;1760.65;23.232269447129895;415.1;0;3;300;10.81;417.265;414.745;552;147;148, 29, 48;71;300;300;67.96109000000001;0.0;1578.8903548006454;0.0;67.96109000000001;0.0;0.0;67.96109000000001;NULL;NULL;parcelle_149: 0.0; parcelle_148: 0.0; parcelle_30: 0.0; parcelle_34: 0.0; parcelle_49: 0.0; parcelle_29: 0.0; parcelle_48: 0.0; parcelle_146: 0.0; parcelle_31: 0.0; parcelle_147: 0.0;NULL;NULL;NULL;parcelle_149: 67.96109000000001; parcelle_148: 1780.162694521313; line_140: 0.0; line_359: 0.0; line_143: 0.0; parcelle_29: 2071.7430968; parcelle_48: 2.6274837049999995; parcelle_146: 70.4146895143012; line_96: 0.0; parcelle_147: 34.8551631428; line_59: 0.0; line_258: 0.0; line_63: 0.0;NULL;0.0;0.0;0.0386;100;0;300.0;0.0;67.96109000000001;0.0;67.96109000000001;100;0
150;150;3981.87;36.398856453554714;527.09;1;3;400;18.75;527.987;521.162;37;8;NULL;79, 81;400;400;90.786636;0.0;3304.5297316651227;0.0;90.786636;0.0;0.0;90.786636;NULL;NULL;parcelle_150: 0.0;NULL;NULL;NULL;parcelle_150: 90.786636;NULL;0.0;0.0;0.0228;100;0;400.0;0.0;90.786636;0.0;90.786636;100;0
